subtree_id	inferred-true-rf	inferred-init-rf	init-true-rf
16386	0.0	0.5	0.5
16389	0.0	1.0	1.0
16390	0.0	0.5	0.5
10	0.0	0.5	0.5
8203	0.0	0.0	0.0
12	0.5	0.5	0.0
16394	0.0	1.0	1.0
14	0.0	0.5	0.5
8209	0.0	0.0	0.0
16406	0.0	1.0	1.0
8227	0.0	0.0	0.0
8229	0.0	0.5	0.5
8231	0.0	1.0	1.0
16423	0.0	0.5	0.5
8235	0.0	0.5	0.5
8246	0.0	1.0	1.0
16439	0.5	1.0	1.0
56	0.0	0.5	0.5
61	0.0	0.0	0.0
16449	1.0	1.0	0.0
8259	0.0	0.5	0.5
8265	0.5	0.5	0.0
16457	0.0	0.0	0.0
16459	0.5	0.0	0.5
78	0.0	1.0	1.0
90	0.0	1.0	1.0
8287	0.0	0.5	0.5
16479	0.0	0.5	0.5
16483	1.0	1.0	1.0
106	1.0	1.0	0.5
16490	0.5	0.0	0.5
8309	0.0	0.5	0.5
118	0.0	0.5	0.5
16501	0.5	0.0	0.5
8312	1.0	1.0	0.0
126	0.0	1.0	1.0
127	0.5	0.5	0.0
16510	0.0	1.0	1.0
8322	0.0	0.0	0.0
8323	0.0	0.0	0.0
16515	0.0	0.5	0.5
8326	0.5	0.5	0.0
16518	0.0	0.5	0.5
16522	0.0	0.0	0.0
16525	0.0	0.5	0.5
8336	0.0	0.0	0.0
146	0.0	0.0	0.0
8339	0.0	0.0	0.0
149	0.0	0.0	0.0
154	1.0	1.0	0.0
16539	0.0	0.5	0.5
16543	0.0	0.0	0.0
162	0.0	0.5	0.5
8357	0.0	1.0	1.0
8358	0.5	1.0	1.0
8364	0.5	1.0	1.0
190	0.0	0.5	0.5
191	0.0	1.0	1.0
198	0.0	0.5	0.5
8390	1.0	1.0	1.0
8393	0.0	0.5	0.5
203	0.0	0.0	0.0
207	1.0	1.0	0.5
208	0.0	0.0	0.0
214	1.0	0.5	1.0
8416	0.0	1.0	1.0
16609	0.0	0.0	0.0
16610	0.0	0.0	0.0
16617	0.5	0.5	1.0
236	0.0	1.0	1.0
237	0.0	0.5	0.5
8428	1.0	1.0	0.0
8429	0.0	0.0	0.0
8430	1.0	0.0	1.0
8434	0.0	1.0	1.0
8437	0.0	0.5	0.5
16634	1.0	1.0	0.5
16640	0.0	0.5	0.5
16645	0.0	0.0	0.0
16647	0.0	0.0	0.0
16654	0.0	0.5	0.5
272	1.0	1.0	0.0
8468	0.0	0.5	0.5
16662	0.0	0.0	0.0
8473	0.0	1.0	0.5
282	0.0	0.0	0.0
16670	1.0	1.0	0.0
295	0.0	0.5	0.5
302	0.0	0.0	0.0
303	0.0	1.0	1.0
16691	0.0	0.5	0.5
8503	0.0	0.5	0.5
16702	0.0	0.0	0.0
8513	0.0	0.5	0.5
8520	0.5	0.5	0.0
16714	0.0	0.0	0.0
8530	0.5	0.5	0.5
339	0.0	0.0	0.0
16725	0.5	1.0	1.0
8534	0.0	0.5	0.5
16726	0.0	0.0	0.0
16730	0.0	1.0	1.0
353	0.0	0.5	0.5
363	0.5	0.0	0.5
8556	0.0	0.0	0.0
16749	0.0	0.0	0.0
375	0.0	0.5	0.5
8568	0.0	0.5	0.5
8572	0.0	0.5	0.5
385	0.0	0.5	0.5
8578	1.0	1.0	0.0
8581	0.0	0.0	0.0
16775	0.0	0.0	0.0
392	1.0	1.0	0.5
16780	1.0	0.0	1.0
8593	0.0	0.5	0.5
8596	0.0	0.0	0.0
405	0.5	0.5	0.0
407	0.0	1.0	1.0
8602	0.0	1.0	1.0
413	0.0	0.0	0.0
418	0.0	0.0	0.0
420	0.0	0.0	0.0
8634	1.0	1.0	0.5
8637	0.0	1.0	1.0
8647	1.0	1.0	1.0
16839	0.0	1.0	1.0
459	0.0	1.0	1.0
16851	0.5	0.0	0.5
8660	0.0	0.5	0.5
8663	0.0	1.0	1.0
8667	0.0	0.5	0.5
482	0.0	0.5	0.5
16867	0.0	1.0	1.0
489	0.0	0.0	0.0
8681	0.0	0.0	0.0
8692	0.0	1.0	1.0
503	0.0	0.0	0.0
505	0.0	1.0	1.0
8703	0.0	1.0	1.0
16897	0.0	0.5	0.5
8706	0.0	1.0	1.0
515	0.0	0.0	0.0
8712	0.0	0.0	0.0
8713	0.5	0.5	1.0
16908	0.0	0.0	0.0
8717	0.0	0.0	0.0
526	0.0	0.5	0.5
527	0.0	0.0	0.0
8718	0.0	1.0	1.0
530	0.0	0.5	0.5
16921	0.0	1.0	1.0
16922	0.0	0.0	0.0
540	0.0	0.0	0.0
8735	0.0	0.5	0.5
546	0.0	1.0	1.0
553	0.0	0.0	0.0
16941	0.0	0.0	0.0
16944	0.5	0.5	0.5
561	0.0	0.0	0.0
8755	0.0	0.5	0.5
8756	0.0	0.5	0.5
570	0.0	0.5	0.5
572	0.0	0.0	0.0
16959	0.0	0.0	0.0
16960	0.0	0.0	0.0
16965	0.0	0.0	0.0
16968	0.0	0.5	0.5
8783	0.0	0.5	0.5
8784	0.5	0.5	0.5
8788	0.0	0.0	0.0
8793	0.0	1.0	1.0
16985	0.0	1.0	1.0
8796	0.5	0.0	0.5
16991	0.0	0.5	0.5
8801	0.0	0.0	0.0
615	0.0	1.0	1.0
8809	0.0	0.5	0.5
620	1.0	0.5	1.0
8821	0.0	1.0	1.0
630	0.5	0.5	1.0
17015	0.0	0.5	0.5
633	0.0	0.5	0.5
17019	0.0	1.0	1.0
17020	1.0	1.0	0.0
17023	0.0	0.5	0.5
8838	0.0	1.0	1.0
8839	0.0	0.0	0.0
17030	0.0	0.5	0.5
17044	0.0	0.0	0.0
662	0.0	0.0	0.0
8854	1.0	1.0	1.0
664	0.0	0.5	0.5
667	0.5	0.5	0.5
668	0.0	0.0	0.0
17056	0.0	1.0	1.0
17071	0.0	0.0	0.0
17073	0.5	0.0	0.5
17074	0.0	0.0	0.0
8885	0.0	0.5	0.5
699	0.0	0.5	0.5
700	0.5	0.0	0.5
17083	0.5	1.0	1.0
17088	0.0	1.0	1.0
17092	0.0	0.0	0.0
8906	0.0	0.0	0.0
8907	0.0	0.0	0.0
17101	0.0	1.0	1.0
17102	0.0	0.0	0.0
727	0.0	0.5	0.5
729	0.0	0.0	0.0
8921	0.0	0.5	0.5
8925	0.0	0.0	0.0
8928	0.0	0.5	0.5
8943	0.0	0.5	0.5
8947	0.5	0.5	1.0
17145	0.0	0.5	0.5
768	0.0	1.0	1.0
769	0.0	0.0	0.0
770	1.0	0.0	1.0
17155	0.0	0.0	0.0
17160	0.0	0.5	0.5
17163	0.0	0.0	0.0
785	0.0	0.0	0.0
17176	0.0	0.5	0.5
8985	0.0	0.0	0.0
794	0.0	0.5	0.5
8988	0.5	1.0	1.0
805	1.0	0.0	1.0
8997	0.5	0.0	0.5
807	0.0	0.0	0.0
9006	0.0	1.0	1.0
815	0.0	0.0	0.0
9008	0.0	0.5	0.5
9012	0.0	1.0	1.0
9014	0.0	0.0	0.0
823	0.0	1.0	1.0
824	0.0	0.5	0.5
17209	0.5	1.0	1.0
9018	1.0	0.5	0.5
9019	1.0	0.0	1.0
828	0.5	1.0	0.5
17210	0.0	0.0	0.0
17215	0.5	1.0	0.5
17217	0.0	0.5	0.5
846	1.0	1.0	0.0
847	0.0	0.0	0.0
852	0.0	0.5	0.5
854	0.0	0.5	0.5
855	0.0	0.0	0.0
861	0.0	0.5	0.5
17248	1.0	1.0	0.0
9065	0.5	0.5	0.5
877	0.0	0.0	0.0
17261	0.0	0.0	0.0
17263	0.0	0.5	0.5
9075	0.0	0.5	0.5
9077	1.0	1.0	1.0
9078	0.0	0.0	0.0
9079	0.0	0.5	0.5
17276	0.0	1.0	1.0
893	0.0	0.5	0.5
895	0.5	0.5	0.0
900	0.0	0.5	0.5
9106	0.5	0.5	0.0
9107	0.0	0.5	0.5
9109	0.0	0.5	0.5
17302	0.0	0.0	0.0
9111	0.0	1.0	1.0
9112	1.0	1.0	1.0
17303	0.0	1.0	1.0
17305	0.0	1.0	1.0
923	0.0	0.5	0.5
17309	0.0	0.0	0.0
17313	1.0	0.0	1.0
17318	0.0	0.5	0.5
9128	0.0	0.5	0.5
17321	0.0	1.0	1.0
9131	0.0	0.5	0.5
9132	0.0	0.5	0.5
17328	0.0	1.0	1.0
17335	0.5	0.0	0.5
952	1.0	1.0	0.5
17338	0.0	1.0	1.0
9147	0.0	1.0	1.0
956	0.0	0.0	0.0
957	0.0	0.0	0.0
17339	0.0	0.5	0.5
17341	0.5	0.5	0.0
9152	0.0	0.0	0.0
17344	0.0	0.5	0.5
9156	0.0	0.0	0.0
17348	0.0	0.0	0.0
17351	0.0	0.0	0.0
969	0.5	0.0	0.5
9161	0.0	0.5	0.5
975	0.0	1.0	1.0
17365	0.0	0.5	0.5
17369	0.5	1.0	1.0
17371	0.0	0.0	0.0
988	0.0	0.0	0.0
989	0.0	1.0	1.0
9182	1.0	1.0	0.0
9185	0.0	0.0	0.0
996	0.0	0.5	0.5
1001	0.0	0.5	0.5
1008	0.0	0.0	0.0
9201	0.0	0.0	0.0
9205	0.0	0.0	0.0
17397	0.0	0.0	0.0
9207	0.0	0.5	0.5
1016	1.0	1.0	0.0
1017	0.0	0.0	0.0
9208	1.0	1.0	1.0
9209	0.0	0.5	0.5
1022	1.0	1.0	0.0
9219	1.0	1.0	0.0
17413	0.0	0.5	0.5
17425	0.0	0.5	0.5
17430	0.0	0.5	0.5
17433	0.5	0.5	0.5
17435	0.5	1.0	0.5
1059	0.0	0.5	0.5
1060	0.0	0.5	0.5
1061	0.0	1.0	1.0
1063	0.0	0.0	0.0
17448	0.5	0.5	0.0
17450	1.0	1.0	0.0
17451	0.0	0.5	0.5
17454	0.0	1.0	1.0
17457	0.0	0.0	0.0
9269	1.0	1.0	0.0
17462	0.0	0.0	0.0
1082	0.0	0.0	0.0
17483	0.0	0.0	0.0
17485	0.0	0.0	0.0
9311	0.0	0.0	0.0
1121	0.0	0.5	0.5
17507	0.0	0.5	0.5
1126	1.0	0.5	1.0
9324	0.0	1.0	1.0
1137	1.0	1.0	1.0
9334	0.0	0.5	0.5
9338	0.0	0.5	0.5
9340	1.0	1.0	0.0
17533	0.0	0.5	0.5
1151	0.0	0.0	0.0
1155	0.0	1.0	1.0
9349	0.0	0.0	0.0
1166	0.0	0.0	0.0
1168	0.5	1.0	1.0
1178	0.0	0.5	0.5
17564	0.0	1.0	1.0
9375	0.5	1.0	1.0
17569	0.0	0.0	0.0
17576	0.0	1.0	1.0
17583	0.0	0.0	0.0
17587	0.5	1.0	1.0
17590	0.0	1.0	1.0
1215	0.0	0.0	0.0
1219	0.0	0.5	0.5
17603	1.0	1.0	0.0
1230	0.0	1.0	1.0
1240	0.5	0.5	0.0
1241	0.0	0.5	0.5
17626	1.0	1.0	0.0
9436	0.0	0.5	0.5
9440	0.0	0.0	0.0
1249	0.5	1.0	1.0
17634	0.0	0.5	0.5
1253	0.0	0.0	0.0
9447	0.5	1.0	1.0
17641	1.0	1.0	1.0
17650	0.0	0.5	0.5
17651	0.0	0.5	0.5
1268	0.0	0.0	0.0
9462	0.0	0.5	0.5
17659	0.0	0.5	0.5
17661	0.0	1.0	1.0
1280	1.0	1.0	0.0
9473	0.0	0.0	0.0
9475	0.0	0.5	0.5
1287	0.0	1.0	1.0
17675	0.0	1.0	1.0
17676	0.0	0.0	0.0
17681	0.0	0.5	0.5
1301	0.0	0.0	0.0
17686	0.0	0.5	0.5
1305	0.0	0.5	0.5
1307	0.0	0.0	0.0
9500	0.0	1.0	1.0
17693	1.0	1.0	0.0
9504	0.0	0.5	0.5
1313	0.0	0.0	0.0
1317	0.0	0.5	0.5
9511	0.0	0.0	0.0
1325	0.0	0.0	0.0
9517	0.0	1.0	1.0
9520	0.0	0.0	0.0
9522	0.0	0.5	0.5
17716	0.0	1.0	1.0
9525	0.0	0.0	0.0
17718	0.0	1.0	1.0
1342	0.0	0.0	0.0
1343	0.0	0.0	0.0
17728	0.0	0.5	0.5
9541	0.0	0.0	0.0
1354	0.0	1.0	1.0
9551	0.0	1.0	1.0
9557	0.0	0.5	0.5
17750	0.0	0.5	0.5
1368	0.0	1.0	1.0
17765	0.0	0.5	0.5
1383	1.0	1.0	0.5
9577	0.0	0.5	0.5
17771	0.0	0.0	0.0
17772	0.5	0.0	0.5
9581	0.5	0.5	0.0
1390	0.0	1.0	1.0
17773	0.0	0.5	0.5
17774	0.0	0.0	0.0
17775	0.0	0.0	0.0
17779	0.0	0.0	0.0
9589	0.0	0.0	0.0
1404	0.0	0.0	0.0
9601	0.0	0.0	0.0
1410	0.0	0.0	0.0
1436	0.5	0.5	0.5
17825	0.0	0.5	0.5
17827	0.0	0.5	0.5
9638	1.0	1.0	0.5
9651	0.0	0.5	0.5
17845	0.0	1.0	1.0
9655	0.0	1.0	1.0
17851	0.0	0.5	0.5
9663	1.0	1.0	0.0
9668	1.0	0.5	1.0
1482	0.0	0.5	0.5
17869	0.0	0.5	0.5
9687	0.0	0.0	0.0
17880	0.0	0.5	0.5
1501	1.0	0.0	1.0
9693	1.0	1.0	1.0
9701	0.0	0.0	0.0
17906	0.0	0.5	0.5
9716	1.0	1.0	0.0
1525	0.0	0.5	0.5
17910	0.0	1.0	1.0
17913	0.0	0.5	0.5
1532	0.0	0.5	0.5
17925	0.0	0.5	0.5
1543	0.5	0.5	0.5
1550	0.0	1.0	1.0
17940	0.0	0.5	0.5
1561	0.0	0.0	0.0
9753	1.0	1.0	0.0
9763	0.5	0.5	0.0
17956	0.5	1.0	0.5
9766	1.0	1.0	0.0
9767	0.0	0.5	0.5
9769	0.0	0.5	0.5
1582	0.0	1.0	1.0
1586	0.5	1.0	1.0
1592	1.0	1.0	1.0
9790	0.0	1.0	1.0
9796	1.0	1.0	0.0
17989	0.0	0.0	0.0
1606	0.0	0.5	0.5
1608	0.0	0.5	0.5
1620	1.0	0.0	1.0
1623	0.0	1.0	1.0
1626	0.5	0.0	0.5
9818	0.0	1.0	1.0
18015	0.0	0.5	0.5
9824	1.0	1.0	0.0
18018	0.0	0.5	0.5
1637	1.0	1.0	1.0
1639	0.0	0.5	0.5
18024	0.0	0.0	0.0
18025	0.0	0.5	0.5
1646	1.0	1.0	0.5
1647	0.5	1.0	1.0
18031	0.0	0.5	0.5
18033	0.5	0.5	0.5
9848	0.0	1.0	1.0
9853	0.0	1.0	1.0
18048	0.0	0.5	0.5
18049	0.0	0.5	0.5
1668	0.0	0.5	0.5
9861	0.0	1.0	1.0
9866	1.0	1.0	0.5
1679	0.0	0.0	0.0
1680	0.0	0.0	0.0
9874	1.0	1.0	0.0
1683	0.0	1.0	1.0
9875	0.0	0.5	0.5
1686	0.0	0.0	0.0
18071	0.0	0.5	0.5
18072	0.0	0.5	0.5
18074	0.0	0.5	0.5
9883	0.5	1.0	0.5
9885	0.0	1.0	1.0
18078	0.0	0.0	0.0
18089	0.0	0.5	0.5
18092	0.0	0.5	0.5
9901	0.0	0.5	0.5
18094	0.0	0.0	0.0
9904	0.0	0.0	0.0
18097	0.0	0.5	0.5
9908	0.0	0.0	0.0
9912	0.0	0.0	0.0
9915	0.0	1.0	1.0
9917	0.0	0.0	0.0
9918	0.0	1.0	1.0
18118	0.0	0.0	0.0
1735	1.0	1.0	0.5
1736	1.0	1.0	0.0
1743	0.0	0.0	0.0
1751	0.5	1.0	0.5
18142	0.0	1.0	1.0
1760	0.0	0.0	0.0
1762	0.0	1.0	1.0
1763	0.0	1.0	1.0
1764	0.5	0.0	0.5
9957	0.0	0.5	0.5
18156	0.0	0.0	0.0
1793	0.0	0.5	0.5
9985	0.0	0.5	0.5
18181	0.0	0.0	0.0
1799	0.0	0.5	0.5
9992	0.5	0.0	0.5
1803	0.0	0.5	0.5
9997	0.0	0.5	0.5
1811	0.0	0.5	0.5
1817	0.0	1.0	1.0
10016	0.0	1.0	1.0
18208	0.0	0.5	0.5
1827	0.0	0.5	0.5
1829	0.0	0.0	0.5
18223	1.0	1.0	0.0
18226	0.0	0.5	0.5
18228	0.0	1.0	1.0
18229	0.0	0.0	0.0
18231	0.0	0.5	0.5
10041	0.0	0.0	0.0
1853	0.5	0.5	0.0
18238	1.0	1.0	0.0
1855	0.5	0.5	0.0
10056	0.5	1.0	0.5
18250	0.0	0.5	0.5
1869	0.0	1.0	1.0
10061	0.0	0.0	0.0
18260	0.5	0.5	0.0
18272	0.0	1.0	1.0
1896	0.0	0.5	0.5
18280	0.0	0.5	0.5
1900	0.0	0.0	0.0
10094	0.5	1.0	1.0
1907	1.0	1.0	0.0
18291	1.0	1.0	0.0
1909	0.5	0.5	0.0
18298	0.0	1.0	1.0
10107	0.0	0.5	0.5
1918	0.0	1.0	1.0
10113	1.0	1.0	0.0
1926	0.0	0.5	0.5
18310	0.5	1.0	1.0
18312	0.0	1.0	1.0
1931	0.0	0.5	0.5
1932	0.0	0.0	0.0
10124	0.0	0.5	0.5
1934	0.0	0.5	0.5
1940	0.0	0.5	0.5
10137	1.0	0.0	1.0
18330	1.0	1.0	0.5
18334	1.0	1.0	0.5
10146	0.0	0.0	0.0
10148	0.0	0.5	0.5
10151	0.0	0.0	0.0
18344	1.0	1.0	0.0
18345	0.0	0.5	0.5
10161	0.5	0.5	1.0
1970	0.0	0.0	0.0
1971	0.0	0.5	0.5
10162	0.0	0.0	0.0
10168	0.0	0.0	0.0
18361	0.0	0.5	0.5
1981	0.0	1.0	1.0
10174	0.0	0.5	0.5
10177	0.0	0.0	0.0
10178	0.0	0.5	0.5
1987	0.0	0.5	0.5
10182	0.5	1.0	1.0
1991	0.0	0.5	0.5
18379	0.0	0.5	0.5
10189	0.0	0.0	0.5
18382	0.0	0.0	0.0
1999	0.0	0.0	0.0
18385	0.5	0.5	0.0
18396	0.0	0.0	0.5
18397	1.0	0.5	1.0
10210	0.0	0.5	0.5
18411	0.0	0.5	0.5
2028	0.0	0.0	0.0
10223	0.0	0.5	0.5
18417	0.0	0.5	0.5
2034	1.0	1.0	0.0
10226	0.0	0.0	0.0
10231	0.0	0.0	0.0
10234	0.0	0.0	0.0
18428	0.0	0.0	0.0
10239	0.0	0.0	0.0
18432	1.0	1.0	0.5
2049	1.0	1.0	0.0
2050	0.0	0.0	0.0
2051	0.5	0.5	0.0
18436	0.0	0.5	0.5
18438	0.0	1.0	1.0
10249	0.0	0.5	0.5
18441	0.0	1.0	1.0
18445	0.0	0.5	0.5
10254	1.0	0.5	1.0
18447	0.0	0.0	0.0
2065	0.0	0.0	0.0
18450	0.0	0.0	0.0
2072	0.0	0.0	0.0
18459	0.0	0.0	0.0
10268	1.0	1.0	0.5
18461	0.5	0.0	0.5
2080	0.5	1.0	1.0
2083	0.0	0.0	0.0
18487	0.0	0.0	0.0
18488	0.0	0.5	0.5
2106	0.0	0.0	0.0
2107	0.0	0.5	0.5
2114	0.0	1.0	1.0
2117	0.0	0.5	0.5
2121	1.0	1.0	0.5
10315	0.0	0.0	0.0
2126	0.0	0.5	0.5
10321	0.0	0.0	0.0
18517	0.0	0.5	0.5
10327	0.5	0.5	0.5
18521	0.0	0.0	0.0
2138	0.0	0.0	0.0
2140	0.0	0.5	0.5
18526	0.0	0.5	0.5
2144	1.0	0.5	1.0
10341	0.0	0.0	0.0
10345	0.0	0.5	0.5
18541	0.0	0.5	0.5
18547	1.0	1.0	0.0
10358	0.0	1.0	1.0
10362	1.0	1.0	1.0
18565	0.0	0.0	0.0
10381	0.5	0.0	0.5
18573	0.0	0.5	0.5
2191	0.0	1.0	1.0
10383	0.0	0.0	0.0
2193	0.0	0.0	0.0
2194	0.0	1.0	1.0
18575	0.5	0.5	0.0
2199	0.0	0.5	0.5
2201	1.0	1.0	1.0
10396	0.0	0.5	0.5
10397	0.0	0.0	0.0
18589	0.0	0.0	0.0
18590	0.0	1.0	1.0
18597	1.0	1.0	0.0
2220	1.0	1.0	0.5
18609	0.0	0.5	0.5
10427	1.0	1.0	0.5
10434	0.0	0.0	0.0
2244	0.0	0.0	0.0
18640	0.0	0.5	0.5
10454	0.0	0.0	0.0
10458	0.0	0.5	0.5
18650	0.0	1.0	1.0
2279	0.0	0.5	0.5
18665	0.0	0.0	0.0
10479	1.0	1.0	0.0
2290	0.5	0.5	0.0
10489	1.0	1.0	1.0
10493	0.0	0.0	0.0
18707	0.0	1.0	1.0
10519	0.0	0.0	0.0
2328	0.0	1.0	1.0
18712	0.5	0.5	0.0
18713	0.0	0.5	0.5
10527	1.0	1.0	0.5
2337	0.0	0.0	0.0
2344	1.0	1.0	1.0
10536	0.5	0.5	0.5
10542	0.5	0.0	0.5
2354	0.0	0.0	0.0
2357	1.0	1.0	0.5
10553	0.0	0.5	0.5
10555	0.0	0.5	0.5
10556	0.0	0.0	0.0
2366	0.0	0.5	0.5
2369	0.0	0.0	0.0
18754	0.0	0.0	0.0
18756	0.0	1.0	1.0
10569	0.0	0.5	0.5
2383	0.0	0.5	0.5
2386	0.0	0.0	0.0
18778	0.0	1.0	1.0
2397	0.0	0.5	0.5
10590	0.0	1.0	1.0
18788	0.0	0.0	0.0
2422	1.0	1.0	0.0
10617	0.0	0.5	0.5
10618	1.0	1.0	0.0
2428	0.5	0.5	1.0
2429	0.0	1.0	1.0
2431	1.0	1.0	0.0
18817	0.0	1.0	1.0
2434	1.0	1.0	0.5
10628	0.5	0.0	0.5
2444	1.0	1.0	1.0
10637	0.0	0.5	0.5
18828	0.0	1.0	1.0
10641	0.0	0.0	0.0
2455	0.5	1.0	1.0
10648	1.0	1.0	1.0
18846	0.0	0.5	0.5
2470	1.0	1.0	1.0
2473	1.0	1.0	0.0
2476	0.5	0.5	0.5
2480	0.0	0.5	0.5
2483	0.0	0.0	0.0
10678	0.0	0.0	0.0
2490	0.5	0.0	0.5
10683	0.0	1.0	1.0
2492	0.0	0.5	0.5
2495	1.0	1.0	1.0
10694	0.0	0.5	0.5
2503	0.0	0.5	0.5
18889	0.0	1.0	1.0
10700	1.0	1.0	1.0
18896	0.5	1.0	1.0
10707	0.0	1.0	1.0
18904	0.0	0.5	0.5
10717	0.0	0.0	0.0
18913	1.0	1.0	0.5
2531	1.0	1.0	0.5
10725	0.0	0.0	0.0
10730	0.0	1.0	1.0
18923	0.0	0.5	0.5
2540	0.5	0.0	0.5
18936	0.0	0.5	0.5
10746	0.0	0.5	0.5
2558	0.0	0.0	0.0
18943	0.5	0.5	0.5
18945	0.0	1.0	1.0
10755	0.0	0.5	0.5
10757	0.0	0.5	0.5
10758	0.0	1.0	1.0
2569	0.0	0.5	0.5
2574	0.0	0.0	0.0
18968	0.5	0.5	0.5
18970	0.0	1.0	1.0
18973	0.0	1.0	1.0
2591	0.0	0.0	0.0
18978	0.0	0.5	0.5
10788	0.0	0.0	0.0
10790	0.0	0.5	0.5
2600	0.0	0.5	0.5
10794	0.0	0.0	0.0
18993	0.0	0.5	0.5
2613	0.0	1.0	1.0
10806	0.0	0.5	0.5
19003	0.0	0.0	0.0
19005	1.0	1.0	0.0
10817	1.0	0.5	1.0
10818	0.0	0.5	0.5
2633	0.0	0.0	0.0
19020	0.0	0.5	0.5
10829	0.5	0.0	0.5
19021	0.5	1.0	0.5
10832	0.0	0.0	0.0
10838	0.0	0.0	0.0
19030	0.5	1.0	1.0
19031	0.0	0.0	0.0
2666	0.0	0.5	0.5
2668	0.0	0.5	0.5
19054	0.0	0.5	0.5
2675	0.0	0.5	0.5
19066	0.0	0.5	0.5
10875	0.0	0.0	0.0
2694	1.0	1.0	1.0
2696	1.0	1.0	0.0
10894	0.5	0.0	0.5
19088	0.0	0.0	0.0
19089	0.0	0.5	0.5
2709	0.0	0.5	0.5
2712	0.0	0.0	0.0
19097	0.0	1.0	1.0
19099	0.0	0.5	0.5
2718	1.0	1.0	0.5
2720	1.0	1.0	0.5
2721	0.0	0.0	0.0
10917	0.0	0.0	0.0
10922	0.0	0.0	0.0
19116	0.0	0.5	0.5
19118	0.0	0.5	0.5
19119	0.0	0.0	0.0
2739	0.0	0.5	0.5
19124	0.0	1.0	1.0
19129	0.0	0.0	0.0
19130	0.0	1.0	1.0
2748	0.0	0.5	0.5
19135	0.5	0.0	0.5
19142	0.0	0.0	0.0
10955	0.5	0.5	0.0
10966	0.0	0.0	0.0
10967	0.0	0.0	0.0
2780	0.5	0.5	0.5
19167	0.0	0.0	0.0
10976	0.0	0.0	0.0
19171	0.5	0.5	0.5
19172	0.0	0.5	0.5
19175	0.5	0.0	0.5
10986	0.5	0.0	0.5
19182	1.0	1.0	0.0
10999	0.0	0.0	0.0
19191	1.0	0.5	1.0
2809	0.0	0.0	0.0
2812	1.0	0.0	1.0
11004	0.0	0.5	0.5
19199	0.0	0.5	0.5
2818	0.0	0.5	0.5
11017	0.5	1.0	1.0
11023	0.0	0.0	0.0
11024	0.5	1.0	0.5
19217	0.0	0.0	0.0
19222	1.0	0.0	1.0
19223	0.0	1.0	1.0
19224	0.0	1.0	1.0
2845	0.0	0.5	0.5
19230	0.0	0.0	0.0
19232	0.5	0.5	1.0
19233	0.0	0.0	0.0
2850	1.0	1.0	0.0
2853	0.0	1.0	1.0
11047	0.0	0.5	0.5
11054	0.5	1.0	0.5
2864	0.0	0.0	0.0
2870	0.0	1.0	1.0
19256	0.0	0.0	0.0
2876	0.0	0.0	0.0
19263	0.5	0.0	0.5
2892	0.0	0.0	0.0
11084	1.0	1.0	0.5
19276	0.0	1.0	1.0
11094	0.0	0.5	0.5
19295	0.0	0.5	0.5
2912	0.0	0.5	0.5
11105	0.0	0.5	0.5
2915	0.0	1.0	1.0
19300	0.5	0.5	1.0
11112	0.0	0.5	0.5
2921	0.5	0.5	0.0
19305	0.0	0.0	0.0
19308	0.0	0.5	0.5
19310	0.5	0.5	0.5
11123	0.5	1.0	1.0
19316	0.5	0.0	0.5
11131	0.0	0.5	0.5
11139	0.0	0.0	0.0
19335	0.5	1.0	0.5
11152	0.0	0.5	0.5
2962	0.0	0.5	0.5
19347	0.0	0.0	0.0
2965	0.0	0.5	0.5
11158	1.0	1.0	1.0
2968	0.5	0.5	0.5
2970	1.0	1.0	0.5
2976	0.0	0.5	0.5
19361	0.0	0.5	0.5
11172	0.0	0.0	0.0
11175	0.0	0.5	0.5
2984	0.0	0.0	0.0
19371	0.0	1.0	1.0
2990	0.0	1.0	1.0
19378	0.0	1.0	1.0
3005	0.0	1.0	1.0
3006	0.0	0.0	0.0
3010	0.5	0.0	0.5
11208	1.0	1.0	0.0
19403	1.0	1.0	0.5
3021	0.0	0.0	0.0
19409	0.0	0.5	0.5
3029	0.0	0.5	0.5
19423	1.0	1.0	0.0
3041	0.5	0.5	0.0
3042	0.0	0.0	0.0
19427	1.0	1.0	0.5
19431	0.0	0.5	0.5
3052	0.0	0.0	0.0
3055	0.5	0.5	1.0
11247	0.0	1.0	1.0
11253	0.0	0.0	0.0
3068	0.0	0.0	0.0
11261	0.0	0.5	0.5
11262	1.0	1.0	1.0
19455	0.0	0.0	0.0
3073	0.0	0.0	1.0
19457	0.0	0.5	0.5
19458	0.0	1.0	1.0
11272	0.0	0.5	0.5
19466	0.0	0.0	0.0
3084	0.0	1.0	0.5
3087	0.0	0.0	0.0
11285	1.0	1.0	0.0
3094	1.0	0.0	1.0
19484	0.5	0.0	0.5
11297	0.0	0.0	0.0
19489	0.0	0.0	0.0
19493	0.0	0.0	0.0
19494	0.0	1.0	1.0
11303	0.5	1.0	1.0
11304	0.0	1.0	1.0
11311	0.0	0.0	0.0
19504	0.0	0.5	0.5
11313	0.5	1.0	1.0
11315	0.5	0.0	0.5
19507	0.0	1.0	1.0
19509	0.0	0.0	0.0
19519	0.0	0.5	0.5
19522	0.0	0.0	0.0
3142	0.0	0.5	0.5
19527	0.0	0.5	0.5
11339	0.0	1.0	1.0
19532	0.0	1.0	1.0
19536	0.0	0.5	0.5
3153	1.0	1.0	0.5
11345	0.0	0.0	0.0
3156	0.0	1.0	1.0
19542	0.0	1.0	1.0
19543	0.0	0.0	0.0
19548	0.0	0.0	0.0
11363	0.5	0.0	0.5
11364	0.5	1.0	1.0
19555	0.0	0.5	0.5
3174	0.0	0.0	0.0
3179	0.0	0.5	0.5
11372	0.0	1.0	1.0
11373	0.0	1.0	1.0
3187	1.0	1.0	1.0
11383	0.0	0.5	0.5
11384	0.0	0.0	0.0
11395	0.5	1.0	1.0
11398	1.0	1.0	0.0
19597	0.0	0.0	0.0
3217	0.0	0.5	0.5
19603	0.0	1.0	1.0
11412	0.0	0.5	0.5
19604	0.0	0.0	0.0
19608	1.0	1.0	0.0
3225	0.0	0.5	0.5
3226	0.0	0.5	0.5
3229	1.0	1.0	1.0
11422	0.0	0.5	0.5
11426	0.0	0.5	0.5
19618	0.0	1.0	1.0
19627	1.0	0.5	1.0
3250	1.0	1.0	0.5
11448	0.0	0.0	0.0
3267	0.5	1.0	1.0
3268	0.0	0.5	0.5
19653	0.5	0.5	0.0
19656	0.5	1.0	1.0
3274	0.0	0.0	0.0
19659	0.0	0.0	0.0
11471	0.0	0.0	0.0
11474	0.0	0.0	0.0
11476	0.0	1.0	1.0
19670	0.0	1.0	1.0
19671	0.0	0.0	0.0
11480	0.0	0.0	0.0
3292	0.0	0.5	0.5
3293	0.5	0.5	0.5
11486	0.0	0.0	0.0
3295	0.5	0.5	1.0
19680	0.0	0.5	0.5
3301	0.0	0.5	0.5
11494	0.0	1.0	1.0
11495	0.5	0.5	0.0
19687	0.5	1.0	1.0
3305	1.0	1.0	0.0
19692	1.0	1.0	0.5
11517	0.0	0.0	0.0
19709	1.0	0.0	1.0
3331	0.0	0.0	0.0
11531	0.0	0.5	0.5
3343	0.0	0.0	0.0
3344	0.0	0.0	0.0
11535	0.0	1.0	1.0
11537	0.0	0.0	0.0
19734	0.5	1.0	1.0
11544	0.0	0.5	0.5
19740	0.0	0.0	0.0
3357	0.0	0.0	0.0
19745	0.0	1.0	1.0
19747	0.0	0.5	0.5
11556	0.0	0.0	0.0
11557	0.5	0.0	0.5
11560	0.0	1.0	1.0
3369	0.0	0.5	0.5
11562	0.5	1.0	0.5
19752	0.0	0.5	0.5
11564	0.5	0.5	0.0
19754	0.0	0.5	0.5
3374	1.0	1.0	0.5
3375	0.0	1.0	1.0
19762	0.0	0.0	0.0
3381	0.0	0.0	0.0
19770	0.0	0.5	0.5
3390	0.0	0.5	0.5
3392	0.0	0.0	0.0
19776	0.0	0.0	0.0
19777	0.0	0.5	0.5
11590	1.0	1.0	0.0
11594	0.5	0.5	0.0
19786	1.0	0.5	1.0
19787	0.0	0.5	0.5
19797	1.0	1.0	0.0
3418	0.0	0.5	0.5
3420	0.5	0.5	0.0
3421	1.0	1.0	0.0
11614	0.0	0.0	0.0
19813	0.0	0.0	0.0
3431	1.0	1.0	0.5
3437	0.5	0.5	0.0
3441	0.0	0.5	0.5
3445	0.0	0.5	0.5
11638	0.5	0.5	0.0
19830	0.0	0.5	0.5
11642	0.0	0.0	0.0
3453	0.5	0.5	0.5
3454	1.0	0.5	1.0
11646	1.0	1.0	0.0
11650	0.5	0.5	0.0
11654	0.5	0.5	0.5
11658	0.0	0.0	0.0
11665	0.5	0.5	0.0
3477	0.0	0.5	0.5
19864	0.0	0.0	0.0
19871	0.0	0.5	0.5
3491	0.0	0.5	0.5
11693	0.0	0.5	0.5
19886	1.0	1.0	0.0
11695	0.0	0.5	0.5
11696	0.0	1.0	1.0
3507	0.0	0.0	0.0
11701	0.0	1.0	1.0
11705	1.0	1.0	0.0
19899	0.5	0.0	0.5
11714	0.0	0.5	0.5
11715	0.0	0.5	0.5
11719	1.0	1.0	0.0
3531	0.0	0.0	0.0
11723	0.0	1.0	1.0
19916	0.0	0.0	0.0
19933	0.0	0.5	0.5
3554	0.5	1.0	1.0
11746	0.0	0.5	0.5
3557	0.0	0.0	0.0
19941	0.0	0.0	0.0
19943	0.5	0.5	0.5
19945	1.0	0.0	1.0
3562	0.0	0.5	0.5
3565	0.0	0.0	0.0
3569	0.0	1.0	1.0
19958	0.0	0.0	0.0
11775	0.0	0.0	0.5
11780	0.0	1.0	1.0
19978	0.5	0.0	0.5
11788	0.0	1.0	1.0
3597	0.0	0.5	0.5
19980	1.0	1.0	0.0
19981	0.0	0.5	0.5
19983	0.0	0.5	0.5
3601	1.0	1.0	0.0
19985	0.0	0.5	0.5
19986	0.0	1.0	1.0
11802	0.0	1.0	1.0
3611	0.5	0.5	0.0
19997	0.0	1.0	1.0
19999	0.0	0.5	0.5
3628	0.0	0.0	0.0
3630	0.5	1.0	1.0
3637	0.0	0.5	0.5
11830	0.0	0.5	0.5
3641	0.0	0.0	0.0
11836	0.0	1.0	1.0
11838	0.0	1.0	1.0
3655	0.0	0.5	0.5
11856	0.0	0.0	0.0
11866	0.0	1.0	1.0
3677	0.0	0.0	0.0
11872	0.5	0.0	0.5
11874	0.0	0.0	0.0
3684	0.0	0.0	0.0
3688	0.0	1.0	1.0
11895	0.0	0.5	0.5
3710	0.0	0.5	0.5
3713	0.0	1.0	1.0
3714	0.0	0.5	0.5
3720	0.0	0.5	0.5
11917	0.0	0.5	0.5
11919	0.0	0.5	0.5
3727	0.0	0.0	0.5
11923	0.0	0.0	0.5
3739	0.0	0.0	0.0
3742	0.0	0.0	0.0
11939	0.0	0.0	0.0
11940	0.0	0.5	0.5
3749	0.0	0.5	0.5
3757	0.0	0.5	0.5
3763	0.5	0.0	0.5
11955	1.0	1.0	0.0
11965	0.0	0.0	0.0
11970	0.0	1.0	1.0
11971	0.0	0.0	0.0
3798	0.0	0.0	0.0
3811	0.0	0.0	0.0
12004	0.0	0.5	0.5
3813	0.0	0.5	0.5
3815	0.5	1.0	0.5
3819	0.0	0.5	0.5
12016	0.0	1.0	1.0
12040	0.0	1.0	1.0
12041	0.0	0.5	0.5
3851	0.0	1.0	1.0
12044	0.0	1.0	1.0
12046	0.0	0.5	0.5
12047	0.0	0.0	0.0
3864	0.0	1.0	1.0
12076	0.0	1.0	1.0
3891	0.0	0.5	0.5
12092	0.0	0.5	0.5
3901	0.0	1.0	1.0
3912	0.0	1.0	1.0
3914	0.0	0.5	0.5
12113	0.0	1.0	1.0
12116	0.5	1.0	1.0
3944	0.0	0.0	0.0
12145	0.0	1.0	1.0
12150	0.0	0.5	0.5
12156	0.0	1.0	1.0
12162	0.0	0.0	0.0
3973	0.0	0.0	0.0
12169	0.0	0.0	0.0
12174	0.0	0.5	0.5
12176	0.5	0.5	0.0
12179	0.0	0.5	0.5
3988	0.0	0.0	0.0
12183	1.0	0.5	1.0
12184	0.0	0.5	0.5
12186	0.0	0.5	0.5
3999	0.0	0.5	0.5
4001	1.0	1.0	0.0
12198	0.0	1.0	1.0
12200	0.0	0.0	0.0
12202	0.0	1.0	1.0
4015	0.0	0.5	0.5
12207	0.0	0.5	0.5
12209	0.0	0.5	0.5
4019	0.0	0.0	0.0
12220	1.0	1.0	0.0
4034	0.0	0.0	0.0
12235	0.0	0.5	0.5
12237	0.0	0.5	0.5
12250	0.0	0.0	0.0
12255	0.0	0.0	0.0
12261	0.0	0.5	0.5
12266	0.0	1.0	1.0
4091	0.5	0.5	0.5
12290	0.5	0.5	0.0
12299	1.0	0.0	1.0
4108	0.5	0.5	0.5
4110	1.0	1.0	0.0
4115	0.0	0.0	0.0
12313	0.0	0.0	0.0
12317	0.0	0.5	0.5
12324	0.0	0.0	0.0
4134	0.0	0.5	0.5
12330	0.0	0.0	0.0
12331	1.0	1.0	1.0
4143	0.0	0.5	0.5
12338	1.0	1.0	1.0
4147	0.5	0.5	0.0
12339	0.0	0.5	0.5
12343	0.0	0.5	0.5
12346	1.0	1.0	0.0
4159	0.0	0.0	0.0
4165	0.0	1.0	1.0
4168	0.0	1.0	1.0
4172	0.0	1.0	1.0
12374	0.0	1.0	1.0
4189	0.0	0.0	0.0
12384	0.0	0.5	0.5
12395	0.0	0.5	0.5
4209	0.0	1.0	1.0
4213	0.5	0.5	0.5
12412	0.0	0.5	0.5
12416	0.0	0.0	0.0
12419	0.0	0.5	0.5
4233	0.5	0.5	0.5
4244	0.0	0.5	0.5
4256	0.0	1.0	1.0
4264	0.0	0.0	0.0
12469	0.0	0.0	0.0
12474	0.5	0.5	0.0
4298	1.0	0.5	1.0
4301	0.0	0.0	0.0
4313	0.0	0.0	0.0
12505	0.0	1.0	1.0
4325	0.0	0.0	0.0
4331	0.0	0.5	0.5
12534	0.0	0.0	0.0
4347	0.0	0.0	0.0
4359	0.5	0.0	0.5
4361	0.0	0.5	0.5
4362	0.0	1.0	1.0
4364	0.0	0.0	0.0
4381	0.5	0.5	1.0
4390	1.0	1.0	1.0
12583	0.0	0.0	0.0
12589	0.0	0.0	0.0
12593	1.0	1.0	0.0
12596	0.5	1.0	1.0
4407	0.0	1.0	1.0
12601	0.0	0.0	0.0
12608	0.5	1.0	0.5
12612	0.5	0.0	0.5
4426	1.0	0.0	1.0
4427	0.0	0.0	0.0
4431	0.0	1.0	1.0
4432	0.0	0.0	0.0
4433	0.0	0.0	0.0
4438	1.0	1.0	1.0
4441	0.0	0.5	0.5
4444	0.5	1.0	1.0
12641	0.0	0.5	0.5
4452	0.0	0.0	0.0
4453	0.0	0.0	0.0
12648	1.0	0.0	1.0
12652	0.0	0.5	0.5
12653	0.0	0.0	0.0
4466	0.0	0.5	0.5
4471	0.0	1.0	1.0
12667	0.5	1.0	1.0
12677	1.0	1.0	0.0
12678	0.0	1.0	1.0
4492	0.0	1.0	1.0
12686	0.0	0.5	0.5
4495	0.0	0.0	0.0
4496	0.0	0.5	0.5
12687	1.0	1.0	0.0
4498	0.0	1.0	1.0
12689	1.0	0.0	1.0
4500	0.0	0.5	0.5
4518	0.0	1.0	1.0
12714	0.5	1.0	0.5
12733	0.0	0.0	0.0
4544	1.0	1.0	0.0
4545	0.0	0.5	0.5
4556	1.0	0.5	1.0
12758	1.0	1.0	0.0
4567	0.5	0.0	0.5
12764	0.0	0.5	0.5
12766	0.0	0.5	0.5
12772	0.0	1.0	1.0
12773	1.0	0.0	1.0
12776	0.0	0.5	0.5
12791	0.0	0.5	0.5
4600	0.0	0.5	0.5
4612	0.0	0.0	0.0
4613	1.0	0.5	1.0
12804	0.0	1.0	1.0
4617	0.0	0.0	0.0
12809	0.0	0.5	0.5
4622	1.0	0.5	1.0
12820	0.0	0.5	0.5
4633	0.0	1.0	1.0
4638	0.0	0.0	0.0
4643	0.0	0.5	0.5
4645	0.0	1.0	1.0
4649	0.0	0.5	0.5
4663	0.5	0.5	1.0
12858	0.0	1.0	1.0
4671	0.0	0.0	0.0
4674	0.0	0.5	0.5
4676	0.0	0.5	0.5
12875	0.0	1.0	1.0
12876	1.0	1.0	0.0
12881	0.0	1.0	1.0
12892	0.0	1.0	1.0
4704	0.0	0.0	0.0
12911	0.0	1.0	1.0
12914	0.0	0.5	0.5
4730	0.0	1.0	1.0
4736	0.5	0.5	0.0
4737	0.0	0.0	0.0
4738	1.0	1.0	1.0
4749	0.5	0.5	0.5
12942	0.0	0.0	0.0
12947	0.0	0.5	0.5
4758	0.0	0.5	0.5
12952	1.0	1.0	1.0
4761	0.0	0.5	0.5
4778	0.0	0.5	0.5
4781	1.0	1.0	0.0
12973	0.5	0.0	0.5
12976	0.0	0.0	0.0
12978	0.0	0.5	0.5
4791	0.5	1.0	1.0
12985	0.0	0.0	0.0
12988	0.0	1.0	1.0
12991	0.0	0.0	0.0
4800	0.0	0.0	0.0
4805	1.0	0.5	1.0
4806	0.0	0.5	0.5
4807	1.0	1.0	1.0
12998	0.0	0.0	0.0
13000	1.0	0.0	1.0
4810	0.0	0.5	0.5
13014	1.0	1.0	1.0
4832	1.0	1.0	0.0
13026	0.0	0.5	0.5
4836	0.5	0.5	0.0
13032	0.5	0.5	0.5
4842	0.0	0.0	0.0
4847	0.0	0.0	0.0
4854	0.5	1.0	1.0
4855	1.0	1.0	0.0
13047	0.5	1.0	0.5
4859	0.0	0.5	0.5
13052	0.0	1.0	1.0
4874	1.0	1.0	0.0
13068	1.0	0.5	1.0
4883	0.0	1.0	1.0
13077	0.0	0.5	0.5
13082	1.0	1.0	0.0
4893	0.5	0.5	1.0
4896	0.0	0.0	0.0
13088	0.0	0.0	0.0
4911	0.0	0.0	0.0
4918	0.5	1.0	0.5
13117	0.0	0.0	0.0
13122	0.0	0.0	0.0
4932	1.0	1.0	0.0
13126	0.0	0.0	0.0
4945	0.0	0.0	0.0
13150	0.0	0.0	0.0
4965	0.0	1.0	1.0
4972	0.0	0.0	0.0
4977	0.0	0.5	0.5
13169	0.5	1.0	1.0
13179	1.0	1.0	0.0
13185	0.0	0.0	0.0
13193	1.0	1.0	0.5
5011	0.0	0.5	0.5
5017	0.0	0.0	0.0
13217	0.0	0.5	0.5
5030	0.0	0.5	0.5
13222	0.0	0.0	0.0
13225	0.0	0.0	0.0
13227	0.0	0.5	0.5
13235	0.0	0.0	0.0
13240	0.0	0.0	0.0
5052	0.0	0.0	0.0
5053	0.0	1.0	1.0
13246	0.0	0.0	0.0
5057	0.0	1.0	1.0
13259	0.0	0.0	0.0
13262	1.0	1.0	0.5
5074	1.0	1.0	0.0
5079	1.0	1.0	0.5
5085	0.0	0.0	0.0
13282	0.0	0.5	0.5
13285	0.0	0.0	0.0
5105	0.5	0.0	0.5
5106	0.0	0.0	0.0
13297	0.0	1.0	1.0
5110	0.0	0.5	0.5
5123	1.0	1.0	0.0
5125	1.0	1.0	0.5
5127	0.0	1.0	1.0
13324	0.0	0.0	0.0
5137	0.0	1.0	1.0
13351	0.0	0.5	0.5
5178	1.0	1.0	0.0
5179	0.0	0.5	0.5
5180	0.0	0.0	0.0
13381	1.0	1.0	0.0
5190	0.0	0.5	0.5
13396	0.0	0.5	0.5
13400	1.0	1.0	0.0
13404	0.5	1.0	1.0
13408	0.0	0.5	0.5
13410	0.0	0.0	0.0
13418	0.0	0.0	0.0
5233	1.0	1.0	0.5
5234	0.0	0.0	0.0
13429	1.0	1.0	0.0
5238	0.0	0.5	0.5
5239	0.5	0.5	0.5
13430	0.0	0.0	0.0
5241	0.0	0.0	0.0
5250	0.0	1.0	1.0
13447	0.0	0.0	0.0
5257	0.0	0.5	0.5
5259	0.0	0.0	0.0
13457	0.0	1.0	1.0
13468	0.0	0.5	0.5
5277	0.0	0.5	0.5
13473	0.5	1.0	0.5
5288	0.0	0.0	0.0
13480	0.0	1.0	1.0
13482	0.5	0.5	0.0
5296	0.0	0.0	0.0
13491	0.5	0.5	0.0
5300	0.0	0.5	0.5
5302	0.0	1.0	1.0
13501	0.0	0.5	0.5
5312	1.0	1.0	0.0
13504	0.0	0.0	0.0
13508	0.0	0.5	0.5
5320	0.5	1.0	0.5
5321	1.0	1.0	0.0
13519	0.0	1.0	1.0
5335	0.0	1.0	1.0
5343	0.0	0.0	0.0
13546	0.5	0.5	0.5
13548	1.0	1.0	0.0
13551	0.0	0.5	0.5
5371	0.0	0.0	0.0
13565	0.0	0.5	0.5
5374	0.0	0.0	0.0
13569	1.0	0.5	1.0
13576	0.0	0.5	0.5
5388	0.0	0.0	0.0
5391	0.5	0.5	0.0
13585	0.0	0.5	0.5
13599	0.0	0.5	0.5
5409	0.0	1.0	1.0
13606	0.0	1.0	1.0
5416	1.0	1.0	0.0
13613	0.0	0.0	0.0
5424	0.0	0.5	0.5
5430	1.0	1.0	1.0
13622	0.0	1.0	1.0
13624	0.0	0.0	0.0
5436	0.0	0.0	0.0
13630	0.0	0.5	0.5
5443	0.0	0.0	0.0
13636	0.0	0.5	0.5
5446	0.0	1.0	1.0
5449	0.5	0.5	1.0
5451	0.0	1.0	1.0
13646	0.0	0.0	0.0
13660	0.0	0.5	0.5
5476	0.0	0.5	0.5
13670	0.0	0.0	0.0
13674	0.0	0.5	0.5
5487	0.0	0.0	0.0
5491	0.0	0.5	0.5
5496	0.5	0.5	0.0
13704	0.0	0.0	0.0
13712	0.0	1.0	1.0
13717	0.0	0.0	0.0
13719	0.0	1.0	1.0
5531	0.0	0.0	0.0
5537	0.0	0.0	0.0
5540	0.0	1.0	1.0
13738	0.0	1.0	1.0
13747	0.0	1.0	1.0
5561	0.0	0.0	0.0
13761	1.0	1.0	0.0
5570	0.0	0.5	0.5
13773	0.0	0.0	0.0
13774	0.0	0.5	0.5
13775	0.0	0.5	0.5
5589	0.0	1.0	1.0
5593	0.0	1.0	1.0
5601	0.0	1.0	1.0
13808	0.0	0.5	0.5
13809	0.0	0.5	0.5
5623	0.0	1.0	1.0
5627	0.5	0.5	0.5
13829	1.0	1.0	1.0
13833	0.0	0.0	0.0
5645	1.0	1.0	1.0
5646	0.0	0.0	0.0
13844	0.0	1.0	1.0
5656	0.0	1.0	1.0
5657	0.0	0.0	0.0
13850	0.0	1.0	1.0
13860	0.0	1.0	1.0
5676	0.0	0.5	0.5
13878	1.0	1.0	0.0
5694	0.0	0.0	0.0
5700	0.0	0.0	0.0
13892	0.0	1.0	1.0
5705	1.0	1.0	0.0
5714	0.5	0.5	0.5
13911	0.0	0.5	0.5
13914	0.5	0.5	0.0
5725	0.5	0.5	0.0
13918	0.0	1.0	1.0
5727	0.5	0.0	0.5
13919	1.0	1.0	0.0
13920	0.0	0.5	0.5
13924	0.5	0.5	0.0
13932	1.0	0.0	0.5
5746	0.0	0.0	0.0
5751	0.0	0.0	0.0
5753	0.0	0.5	0.5
13947	1.0	1.0	0.0
5758	0.0	1.0	1.0
13950	0.0	0.5	0.5
5760	0.0	0.5	0.5
5773	0.0	0.5	0.5
13965	0.0	0.5	0.5
13966	0.0	1.0	1.0
5777	0.0	0.0	0.0
5780	0.0	0.5	0.5
5783	0.0	0.0	0.0
5789	0.0	0.0	0.0
5792	1.0	1.0	0.0
13987	0.0	0.5	0.5
5798	1.0	1.0	0.0
13993	0.0	1.0	1.0
5802	0.0	0.5	0.5
13995	0.0	0.0	0.0
13998	0.0	0.5	0.5
13999	1.0	0.5	0.5
14026	0.0	0.0	0.0
14037	0.0	0.0	0.0
14040	0.0	0.0	0.0
14044	0.0	0.5	0.5
5856	0.0	0.0	0.0
14052	0.0	0.0	0.0
14053	0.0	1.0	1.0
14057	0.5	0.5	0.5
14061	0.0	0.0	0.0
5871	0.5	1.0	0.5
14070	0.0	1.0	1.0
5879	0.0	0.0	0.0
5882	0.0	0.0	0.0
14076	1.0	1.0	0.5
14084	0.0	0.5	0.5
5893	1.0	0.0	1.0
5896	0.5	0.0	0.5
5902	0.0	0.5	0.5
14099	1.0	0.5	1.0
5908	0.0	0.0	0.0
14110	0.0	0.5	0.5
14114	0.5	0.5	0.0
14115	0.0	0.0	0.0
14125	0.0	1.0	1.0
5942	0.5	0.5	0.0
14136	0.0	0.0	0.0
5950	0.0	0.0	0.0
5952	0.0	0.0	0.0
5960	0.5	1.0	0.5
14154	0.5	0.0	0.5
14173	0.0	0.5	0.5
5985	1.0	1.0	0.5
5987	0.0	0.5	0.5
14179	0.0	0.5	0.5
5989	0.0	1.0	1.0
5990	0.0	0.0	0.0
5998	1.0	1.0	0.5
14192	0.0	0.5	0.5
14200	0.0	0.5	0.5
6013	0.0	0.5	0.5
14208	0.5	0.0	0.5
14211	0.0	0.5	0.5
14232	0.0	0.0	0.0
6043	1.0	1.0	0.5
14244	0.0	0.0	0.0
6060	0.0	0.5	0.5
14258	0.0	0.0	0.0
14263	0.5	1.0	1.0
14270	0.0	0.0	0.0
6083	0.0	1.0	1.0
14278	0.0	0.5	0.5
6091	0.0	1.0	1.0
14287	0.0	1.0	1.0
14288	0.5	0.5	0.0
14289	0.0	0.5	0.5
14290	0.0	1.0	1.0
6100	0.0	0.0	0.0
6103	0.0	0.5	0.5
14296	0.0	1.0	1.0
14297	0.0	0.0	0.0
6117	0.0	0.0	0.0
14310	0.0	1.0	1.0
6123	0.0	0.0	0.0
6141	1.0	1.0	0.0
6151	0.0	0.0	0.0
6155	0.0	1.0	1.0
6169	0.0	0.0	0.0
14370	0.0	0.0	0.0
14374	0.5	1.0	0.5
6184	0.0	1.0	1.0
6185	0.5	0.5	0.0
6191	0.0	0.5	0.5
14383	0.0	0.0	0.0
14389	0.0	0.5	0.5
14398	0.0	0.0	0.0
14415	0.0	0.5	0.5
6230	0.5	0.0	0.5
14423	0.0	0.0	0.0
14424	0.0	0.5	0.5
6234	0.0	0.0	0.0
6237	0.0	0.0	0.0
6239	0.0	1.0	1.0
14431	0.0	1.0	1.0
14435	0.5	0.5	0.0
14438	0.0	0.0	0.0
6255	1.0	1.0	1.0
14452	0.0	0.0	0.0
6263	0.0	0.0	0.0
6266	0.0	0.5	0.5
6270	0.0	0.5	0.5
6277	0.0	0.0	0.0
6284	0.0	0.0	0.0
6289	0.0	0.5	0.5
14485	0.0	0.0	0.0
6295	0.0	0.5	0.5
6296	0.0	0.5	0.5
14487	1.0	0.5	1.0
14490	0.0	1.0	1.0
14503	0.0	0.5	0.5
6314	0.0	0.0	0.0
14513	0.0	0.0	0.0
6332	0.0	1.0	1.0
14528	0.0	1.0	1.0
6343	0.0	0.0	0.0
14537	0.0	1.0	1.0
14542	0.5	0.0	0.5
6360	0.0	1.0	1.0
14552	0.0	0.0	0.0
14553	0.0	1.0	1.0
14556	0.0	1.0	1.0
14560	0.0	1.0	1.0
6369	0.5	1.0	1.0
14562	0.0	0.5	0.5
6372	0.0	0.0	0.0
14566	0.0	0.0	0.0
6375	1.0	1.0	0.0
6377	1.0	1.0	0.0
6397	0.0	0.0	0.0
14590	0.0	0.5	0.5
14595	1.0	1.0	1.0
14597	0.0	0.0	0.0
6407	0.5	0.0	0.5
14600	0.0	1.0	1.0
6421	1.0	1.0	0.5
6431	0.0	0.5	0.5
6442	0.0	0.0	0.0
6447	0.0	0.5	0.5
14647	0.0	0.0	0.0
6457	1.0	1.0	0.0
6470	0.0	0.5	0.5
6472	0.0	0.0	0.0
14664	0.5	0.5	0.5
6489	0.0	0.5	0.5
14684	0.0	0.5	0.5
14689	0.0	1.0	1.0
6515	0.0	0.5	0.5
14717	0.0	0.0	0.0
6531	0.5	0.5	0.5
6541	0.0	0.5	0.5
6543	0.0	0.0	0.0
6547	1.0	1.0	1.0
14750	0.5	1.0	1.0
6564	0.0	0.0	0.0
14756	0.5	0.5	0.5
6566	0.0	0.5	0.5
6571	0.0	1.0	1.0
6574	0.0	0.5	0.5
6586	1.0	1.0	0.0
6589	1.0	1.0	0.0
14789	0.5	0.5	0.5
6611	0.0	0.0	0.0
6617	0.0	0.5	0.5
14819	0.0	0.5	0.5
14821	0.0	1.0	1.0
6639	0.0	0.5	0.5
6641	0.0	1.0	1.0
6646	0.0	0.0	0.0
14838	1.0	1.0	0.0
6653	0.0	0.5	0.5
14847	0.0	0.5	0.5
6656	0.0	0.0	0.0
14860	1.0	1.0	1.0
6676	0.0	0.0	0.0
14871	0.0	0.5	0.5
6705	0.0	0.5	0.5
14900	0.5	1.0	1.0
6722	0.0	0.0	0.0
6723	0.0	0.5	0.5
6732	0.0	0.5	0.5
6737	1.0	1.0	0.0
6738	0.0	1.0	1.0
6739	0.0	0.5	0.5
14949	0.0	0.0	0.0
6765	0.0	0.0	0.0
6768	0.5	0.5	0.0
6777	0.5	1.0	0.5
6784	0.0	1.0	1.0
6800	0.0	0.5	0.5
6802	0.0	1.0	1.0
14997	0.0	0.0	0.0
6808	0.5	0.5	1.0
6810	0.0	0.5	0.5
6820	0.5	0.5	0.0
15024	0.0	0.5	0.5
6834	0.0	0.0	0.0
15035	0.0	0.5	0.5
15049	0.5	0.5	1.0
6874	0.0	0.5	0.5
15070	1.0	1.0	0.0
15071	0.0	0.5	0.5
6882	0.0	0.0	0.0
6883	0.0	0.0	0.0
15084	0.0	0.0	0.0
6894	0.0	0.5	0.5
6895	1.0	1.0	0.0
15088	0.0	0.5	0.5
6899	0.0	0.0	0.0
15097	0.0	1.0	1.0
6911	0.0	0.5	0.5
15107	0.0	0.5	0.5
6918	0.0	0.5	0.5
15115	0.0	0.5	0.5
6925	0.0	0.5	0.5
15126	0.5	0.5	0.5
6939	1.0	1.0	1.0
6942	0.0	1.0	1.0
6944	0.0	0.5	0.5
15141	0.5	0.5	0.0
6950	0.0	0.5	0.5
15148	0.0	0.5	0.5
15150	0.0	0.5	0.5
15152	1.0	1.0	0.0
6961	0.5	0.0	0.5
15153	0.0	0.0	0.0
15157	0.0	0.5	0.5
6967	0.0	1.0	1.0
15159	0.0	0.5	0.5
6971	1.0	1.0	1.0
6981	0.0	0.0	0.0
6982	0.0	0.5	0.5
6989	0.0	0.0	0.0
15184	0.5	0.0	0.5
6997	0.0	0.0	0.0
7006	0.0	1.0	1.0
7010	0.0	0.0	0.0
7011	0.0	0.0	0.0
15203	0.0	0.0	0.0
7023	0.0	0.5	0.5
15223	0.0	1.0	1.0
15230	0.0	0.0	0.0
7042	0.0	1.0	1.0
7044	0.0	0.5	0.5
7053	0.0	0.5	0.5
7057	0.0	0.0	0.0
7058	1.0	0.0	1.0
7060	1.0	0.0	1.0
15252	0.5	1.0	1.0
15255	0.0	1.0	1.0
7070	1.0	1.0	0.0
15266	0.0	0.0	0.0
7080	0.0	1.0	1.0
7084	0.0	0.5	0.5
15283	0.0	1.0	1.0
15306	0.0	0.0	0.0
7115	0.0	0.0	0.0
7120	0.0	0.0	0.0
15314	0.5	0.5	0.5
7124	0.0	0.5	0.5
15318	0.0	0.5	0.5
15329	0.0	0.0	0.0
7138	0.5	0.5	0.0
15339	0.0	0.0	0.0
7148	0.0	0.5	0.5
7152	0.0	0.5	0.5
15344	0.0	0.5	0.5
7155	0.0	1.0	1.0
15350	0.0	0.0	0.0
7159	0.0	0.5	0.5
15359	0.0	0.5	0.5
15361	0.5	1.0	1.0
15369	0.0	0.5	0.5
7180	0.0	1.0	1.0
15375	0.0	1.0	1.0
7185	0.0	1.0	1.0
7187	0.0	0.5	0.5
15386	0.5	1.0	1.0
7197	1.0	1.0	0.0
7207	0.0	0.0	0.0
15399	0.0	0.0	0.0
7209	0.0	1.0	1.0
7215	1.0	1.0	1.0
7219	1.0	0.5	1.0
7228	0.0	0.5	0.5
15423	0.0	0.0	0.0
7240	0.0	0.0	0.0
15445	0.0	1.0	1.0
7254	0.5	0.0	0.5
7267	0.0	1.0	1.0
15464	0.5	0.5	0.5
7275	0.0	0.0	0.0
15477	0.0	0.0	0.0
7288	0.0	1.0	1.0
7292	0.0	1.0	1.0
15486	0.0	1.0	1.0
7312	0.0	0.0	0.0
7313	0.0	1.0	1.0
15505	0.5	0.0	0.5
7315	0.0	0.5	0.5
15508	0.0	1.0	1.0
15513	0.0	0.5	0.5
15518	0.0	0.5	0.5
15521	0.0	0.0	0.0
15523	0.0	0.5	0.5
15525	0.0	0.0	0.0
15526	0.0	1.0	1.0
7341	0.0	0.5	0.5
15535	0.5	1.0	0.5
7344	0.0	0.0	0.0
7351	0.0	0.0	0.0
7358	0.0	0.5	0.5
15553	0.0	1.0	1.0
15564	0.0	1.0	1.0
7374	0.5	0.5	0.5
15578	0.0	0.5	0.5
7391	0.0	0.0	0.0
7393	0.0	0.5	0.5
15586	0.0	0.5	0.5
15587	1.0	1.0	1.0
7401	0.0	0.5	0.5
15597	0.0	0.5	0.5
15601	0.0	0.0	0.0
7422	0.0	0.5	0.5
7425	0.0	0.5	0.5
7427	1.0	1.0	1.0
15636	0.0	1.0	1.0
15637	0.0	0.5	0.5
7447	0.0	0.5	0.5
15639	0.0	0.0	0.0
15647	0.0	0.0	0.0
7456	0.0	0.5	0.5
7484	0.0	0.0	0.0
15680	1.0	0.0	1.0
7492	0.0	0.5	0.5
7495	0.0	0.0	0.0
15708	0.0	0.5	0.5
15709	1.0	1.0	0.0
15711	1.0	1.0	0.5
7520	0.5	0.0	0.5
15712	0.0	0.5	0.5
7527	0.0	1.0	1.0
15729	1.0	1.0	0.5
7544	0.5	1.0	0.5
15741	0.0	1.0	1.0
15746	0.5	1.0	0.5
15752	1.0	1.0	0.0
7561	0.0	0.5	0.5
7562	0.5	0.0	0.5
7565	0.5	1.0	1.0
15762	0.0	0.5	0.5
7575	0.0	1.0	1.0
7578	0.0	1.0	1.0
15771	0.5	0.5	0.0
15776	0.5	0.5	0.5
7588	1.0	0.0	1.0
15782	0.0	1.0	1.0
7596	0.0	0.5	0.5
15788	0.0	1.0	1.0
15796	0.0	0.5	0.5
7618	0.0	1.0	1.0
7623	0.5	0.5	1.0
7630	0.5	1.0	0.5
15823	0.0	0.5	0.5
15827	0.0	0.5	0.5
7644	0.0	1.0	1.0
15837	0.5	1.0	1.0
7652	0.0	0.5	0.5
7658	0.5	0.0	0.5
15851	0.0	0.5	0.5
7674	0.0	0.5	0.5
7680	0.0	0.0	0.0
15877	0.0	0.0	0.0
15884	0.0	0.5	0.5
7694	0.0	0.5	0.5
15897	0.0	1.0	1.0
15902	0.0	0.0	0.0
7716	0.0	0.5	0.5
15914	0.0	1.0	1.0
15922	0.5	1.0	1.0
15935	0.0	0.5	0.5
15946	1.0	1.0	0.0
7762	0.5	0.0	0.5
7778	0.5	0.0	0.5
7784	0.0	0.5	0.5
15980	0.0	1.0	1.0
15989	0.0	0.0	0.0
7805	0.0	0.0	0.0
7806	0.0	0.0	0.0
16002	0.5	0.0	0.5
16003	0.0	0.5	0.5
7814	0.0	0.0	0.0
16015	0.0	0.0	0.0
16020	0.0	0.0	0.0
16024	0.0	0.5	0.5
7833	1.0	1.0	0.0
16033	0.5	0.5	0.0
7844	0.0	0.5	0.5
16036	0.0	1.0	1.0
7849	0.0	0.0	0.0
16049	0.0	1.0	1.0
7864	0.0	0.0	0.0
16078	0.0	0.0	0.0
16083	0.5	1.0	1.0
16087	0.0	0.5	0.5
7907	0.0	1.0	1.0
16107	0.5	0.0	0.5
16128	0.0	0.0	0.0
7942	0.0	0.5	0.5
16134	0.0	0.0	0.0
7944	0.0	0.5	0.5
16158	1.0	0.5	1.0
7968	0.0	0.0	0.0
7971	0.0	1.0	1.0
16164	1.0	0.5	1.0
7974	1.0	1.0	0.0
16171	0.0	1.0	1.0
7980	0.0	1.0	1.0
16174	1.0	0.5	1.0
7985	0.0	0.0	0.0
7988	0.0	0.5	0.5
7990	1.0	0.0	1.0
7993	0.5	0.5	0.5
7995	0.0	0.0	0.0
7997	0.0	0.0	0.0
8003	0.0	0.5	0.5
8005	0.0	0.0	0.0
8007	0.0	1.0	1.0
8008	0.0	0.0	0.0
16199	0.0	0.5	0.5
8018	0.5	0.5	1.0
16217	0.0	1.0	1.0
16221	1.0	0.0	1.0
8039	0.0	1.0	1.0
8042	0.0	0.5	0.5
16242	0.0	0.5	0.5
8051	0.0	0.5	0.5
16245	0.0	0.0	0.0
8054	0.0	1.0	1.0
8071	0.0	0.5	0.5
8074	1.0	1.0	0.0
16282	0.0	0.0	0.0
16283	0.0	0.5	0.5
8097	0.0	1.0	1.0
8111	0.0	0.0	0.0
16310	0.0	0.5	0.5
8121	0.0	0.5	0.5
16313	0.0	0.5	0.5
16315	0.0	0.5	0.5
8126	0.0	1.0	1.0
8131	0.5	1.0	1.0
8134	0.0	0.0	0.0
16336	0.0	0.5	0.5
16337	0.0	0.5	0.5
8151	0.0	1.0	1.0
8153	0.0	0.5	0.5
8156	1.0	0.5	1.0
16348	0.0	1.0	1.0
16354	0.0	0.5	0.5
8163	0.0	0.0	0.0
8173	0.0	0.5	0.5
8174	0.0	0.5	0.5
16365	1.0	0.5	1.0
8176	0.5	0.5	0.5
16370	0.0	1.0	1.0
16371	0.0	0.0	0.0
16372	0.0	0.0	0.0
16379	0.5	0.0	0.5
16381	0.0	0.5	0.5
8190	1.0	1.0	0.0
