	subtree_id	inferred-true-rf	inferred-init-rf	init-true-rf
0	1	0.0	0.5	0.5
1	10	0.0	0.0	0.0
2	100	0.5	0.5	0.0
3	1000	0.0	1.0	1.0
4	1001	0.0	0.5	0.5
5	1002	0.5	0.0	0.5
6	1003	0.0	0.5	0.5
7	1004	0.0	0.0	0.0
8	1005	0.5	1.0	1.0
9	1006	1.0	1.0	0.5
10	1007	0.5	0.5	0.5
11	1008	1.0	1.0	0.0
12	1009	0.5	0.5	0.0
13	101	0.0	0.0	0.0
14	1010	0.0	0.0	0.0
15	1011	0.0	0.5	0.5
16	1012	0.0	0.0	0.0
17	1013	0.0	0.5	0.5
18	1014	0.0	0.5	0.5
19	1015	0.5	0.5	0.0
20	1016	0.0	0.5	0.5
21	1017	0.5	1.0	0.5
22	1018	0.0	0.5	0.5
23	1019	0.5	0.0	0.5
24	102	0.5	0.0	0.5
25	1020	0.0	0.0	0.0
26	1021	0.0	0.0	0.0
27	1022	0.5	0.5	0.5
28	1023	0.0	0.5	0.5
29	1024	0.5	1.0	0.5
30	1025	0.0	0.0	0.0
31	1026	0.0	0.5	0.5
32	1027	0.0	0.5	0.5
33	1028	0.5	1.0	1.0
34	1029	0.0	0.0	0.0
35	103	0.0	0.5	0.5
36	1030	0.0	0.0	0.0
37	1031	0.0	0.5	0.5
38	1032	0.0	1.0	1.0
39	1033	1.0	0.0	1.0
40	1034	0.0	0.0	0.0
41	1035	0.0	0.0	0.0
42	1036	0.0	1.0	1.0
43	1037	0.0	0.5	0.5
44	1038	0.5	0.0	0.5
45	1039	0.0	0.0	0.0
46	104	0.0	0.0	0.0
47	1040	0.0	0.5	0.5
48	1041	0.5	0.5	0.0
49	1042	0.0	1.0	1.0
50	1043	0.0	0.5	0.5
51	1044	0.5	0.5	1.0
52	1045	0.0	1.0	1.0
53	1046	1.0	1.0	0.5
54	1047	0.0	1.0	1.0
55	1048	0.0	1.0	1.0
56	1049	0.0	0.5	0.5
57	105	1.0	0.5	0.5
58	1050	0.0	0.0	0.0
59	1051	0.5	0.5	0.0
60	1052	0.5	1.0	1.0
61	1053	0.0	0.5	0.5
62	1054	0.0	0.5	0.5
63	1055	0.5	0.5	0.0
64	1056	0.5	0.5	0.5
65	1057	1.0	1.0	0.5
66	1058	1.0	0.0	1.0
67	1059	0.0	0.0	0.0
68	106	0.0	1.0	1.0
69	1060	0.0	0.5	0.5
70	1061	0.5	1.0	1.0
71	1062	0.0	0.0	0.0
72	1063	0.0	0.5	0.5
73	1064	0.5	0.5	0.0
74	1065	0.5	0.0	0.5
75	1066	0.0	0.0	0.0
76	1067	0.0	0.5	0.5
77	1068	0.0	0.5	0.5
78	1069	0.0	1.0	1.0
79	107	0.0	0.0	0.0
80	1070	0.5	1.0	1.0
81	1071	0.0	0.5	0.5
82	1072	0.0	0.5	0.5
83	1073	0.0	0.5	0.5
84	1074	1.0	1.0	0.0
85	1075	1.0	1.0	1.0
86	1076	0.0	0.0	0.0
87	1077	0.0	0.0	0.0
88	1078	0.0	0.5	0.5
89	1079	0.0	1.0	1.0
90	108	0.0	0.0	0.0
91	1080	0.0	0.5	0.5
92	1081	0.0	0.0	0.0
93	1082	0.0	0.0	0.0
94	1083	0.0	1.0	1.0
95	1084	0.0	0.5	0.5
96	1085	0.0	0.5	0.5
97	1086	0.0	0.5	0.5
98	1087	0.0	0.5	0.5
99	1088	1.0	1.0	0.5
100	1089	0.0	0.5	0.5
101	109	0.5	0.0	0.5
102	1090	0.0	0.5	0.5
103	1091	0.0	0.5	0.5
104	1092	0.0	0.5	0.5
105	1093	0.0	0.0	0.0
106	1094	0.0	0.0	0.0
107	1095	0.0	0.5	0.5
108	1096	0.0	0.0	0.0
109	1097	0.5	1.0	0.5
110	1098	0.0	0.5	0.5
111	1099	0.0	1.0	1.0
112	11	0.0	0.0	0.0
113	110	0.0	0.5	0.5
114	1100	0.0	0.5	0.5
115	1101	0.0	0.0	0.0
116	1102	0.0	0.0	0.0
117	1103	0.0	0.5	0.5
118	1104	0.5	0.0	0.5
119	1105	1.0	1.0	0.0
120	1106	0.5	1.0	1.0
121	1107	0.5	0.5	0.0
122	1108	0.0	0.0	0.0
123	1109	0.0	0.5	0.5
124	111	0.5	0.0	0.5
125	1110	0.0	0.5	0.5
126	1111	0.5	1.0	1.0
127	1112	0.5	1.0	1.0
128	1113	0.0	1.0	1.0
129	1114	1.0	1.0	0.5
130	1115	0.0	0.0	0.0
131	1116	0.0	0.0	0.0
132	1117	0.0	0.5	0.5
133	1118	1.0	1.0	0.5
134	1119	0.0	0.5	0.5
135	112	0.5	0.0	0.5
136	1120	1.0	1.0	0.5
137	1121	0.0	1.0	1.0
138	1122	0.5	0.5	1.0
139	1123	0.0	0.0	0.0
140	1124	0.5	0.5	1.0
141	1125	0.5	0.5	0.5
142	1126	0.5	1.0	1.0
143	1127	0.0	0.5	0.5
144	1128	0.5	0.0	0.5
145	1129	0.0	0.0	0.0
146	113	1.0	0.5	1.0
147	1130	0.0	0.5	0.5
148	1131	0.5	0.5	0.0
149	1132	1.0	1.0	0.5
150	1133	0.5	1.0	1.0
151	1134	0.0	0.5	0.5
152	1135	0.0	0.0	0.0
153	1136	0.0	1.0	1.0
154	1137	1.0	1.0	0.0
155	1138	0.0	0.5	0.5
156	1139	0.0	0.0	0.0
157	114	0.0	0.5	0.5
158	1140	1.0	1.0	0.5
159	1141	1.0	1.0	1.0
160	1142	0.0	1.0	1.0
161	1143	0.0	0.5	0.5
162	1144	0.0	0.5	0.5
163	1145	0.5	0.5	0.5
164	1146	0.5	1.0	0.5
165	1147	0.0	0.0	0.0
166	1148	0.5	1.0	0.5
167	1149	0.0	0.0	0.0
168	115	1.0	0.5	1.0
169	1150	0.0	0.5	0.5
170	1151	0.5	1.0	1.0
171	1152	0.0	0.5	0.5
172	1153	0.0	0.5	0.5
173	1154	0.0	0.0	0.0
174	1155	0.0	0.0	0.0
175	1156	1.0	1.0	1.0
176	1157	0.5	0.5	0.0
177	1158	0.0	0.0	0.0
178	1159	0.5	0.0	0.5
179	116	1.0	1.0	0.0
180	1160	0.5	0.0	0.5
181	1161	0.0	0.5	0.5
182	1162	0.0	0.0	0.0
183	1163	0.0	0.0	0.0
184	1164	0.0	0.5	0.5
185	1165	0.0	1.0	1.0
186	1166	0.5	0.5	1.0
187	1167	0.0	1.0	1.0
188	1168	0.0	1.0	1.0
189	1169	0.0	0.5	0.5
190	117	0.5	0.5	0.0
191	1170	1.0	0.5	1.0
192	1171	0.0	0.0	0.0
193	1172	0.0	0.5	0.5
194	1173	0.5	0.0	0.5
195	1174	0.0	0.0	0.0
196	1175	0.5	0.0	0.5
197	1176	0.0	0.5	0.5
198	1177	0.0	1.0	1.0
199	1178	0.5	1.0	1.0
200	1179	0.0	1.0	1.0
201	118	1.0	1.0	1.0
202	1180	1.0	1.0	0.5
203	1181	1.0	1.0	0.5
204	1182	0.0	1.0	1.0
205	1183	0.5	0.5	1.0
206	1184	0.0	0.5	0.5
207	1185	0.0	1.0	1.0
208	1186	0.0	0.0	0.0
209	1187	0.0	0.0	0.0
210	1188	0.0	0.0	0.0
211	1189	0.5	0.5	1.0
212	119	0.0	0.0	0.0
213	1190	0.0	0.5	0.5
214	1191	0.0	0.0	0.0
215	1192	0.0	0.5	0.5
216	1193	0.5	0.5	0.5
217	1194	0.0	0.5	0.5
218	1195	0.5	0.5	1.0
219	1196	1.0	1.0	0.5
220	1197	0.5	1.0	0.5
221	1198	0.0	0.5	0.5
222	1199	0.0	0.0	0.0
223	12	0.5	0.0	0.5
224	120	0.0	0.0	0.0
225	1200	0.5	1.0	1.0
226	1201	0.0	0.0	0.0
227	1202	0.0	0.5	0.5
228	1203	0.0	0.5	0.5
229	1204	0.0	0.5	0.5
230	1205	0.0	0.0	0.0
231	1206	0.0	0.0	0.0
232	1207	0.0	0.0	0.0
233	1208	0.0	0.0	0.0
234	1209	0.0	0.5	0.5
235	121	0.0	0.5	0.5
236	1210	0.0	0.5	0.5
237	1211	0.5	0.0	0.5
238	1212	0.0	1.0	1.0
239	1213	0.0	0.0	0.0
240	1214	1.0	0.5	0.5
241	1215	0.0	1.0	1.0
242	1216	0.0	1.0	1.0
243	1217	0.5	1.0	0.5
244	1218	0.0	0.0	0.0
245	1219	0.0	0.0	0.0
246	122	0.0	0.0	0.0
247	1220	0.0	0.0	0.0
248	1221	0.0	0.5	0.5
249	1222	1.0	1.0	0.5
250	1223	0.5	1.0	1.0
251	1224	0.5	1.0	1.0
252	1225	0.5	1.0	1.0
253	1226	0.0	0.5	0.5
254	1227	0.0	1.0	1.0
255	1228	0.0	1.0	1.0
256	1229	0.0	0.5	0.5
257	123	0.0	1.0	1.0
258	1230	0.5	0.0	0.5
259	1231	0.0	0.5	0.5
260	1232	1.0	1.0	0.5
261	1233	0.0	1.0	1.0
262	1234	0.0	0.0	0.0
263	1235	1.0	1.0	0.0
264	1236	0.5	1.0	1.0
265	1237	0.0	0.0	0.0
266	1238	0.0	0.5	0.5
267	1239	0.0	1.0	1.0
268	124	0.0	0.0	0.0
269	1240	0.0	1.0	1.0
270	1241	0.0	0.0	0.0
271	1242	0.0	0.0	0.0
272	1243	0.5	0.5	0.0
273	1244	0.0	0.5	0.5
274	1245	0.5	0.0	0.5
275	1246	0.0	0.0	0.0
276	1247	1.0	1.0	0.5
277	1248	0.0	0.5	0.5
278	1249	0.0	1.0	1.0
279	125	0.5	0.0	0.5
280	1250	0.0	0.0	0.0
281	1251	0.0	0.0	0.0
282	1252	1.0	1.0	0.5
283	1253	0.0	0.0	0.0
284	1254	0.0	1.0	1.0
285	1255	0.0	0.5	0.5
286	1256	0.0	0.5	0.5
287	1257	0.0	0.0	0.0
288	1258	0.0	0.0	0.0
289	1259	0.0	0.0	0.0
290	126	0.5	0.0	0.5
291	1260	0.0	0.0	0.0
292	1261	0.5	0.5	0.0
293	1262	0.5	0.0	0.5
294	1263	0.0	0.5	0.5
295	1264	0.0	0.0	0.0
296	1265	1.0	1.0	0.5
297	1266	0.5	0.5	1.0
298	1267	0.0	0.5	0.5
299	1268	0.0	0.0	0.0
300	1269	0.0	0.0	0.0
301	127	0.5	0.5	0.0
302	1270	0.0	0.0	0.0
303	1271	0.0	0.0	0.0
304	1272	0.5	0.0	0.5
305	1273	1.0	1.0	1.0
306	1274	0.0	0.0	0.0
307	1275	0.5	1.0	1.0
308	1276	0.0	0.5	0.5
309	1277	0.5	1.0	1.0
310	1278	0.5	0.5	0.5
311	1279	0.0	1.0	1.0
312	128	0.0	1.0	1.0
313	1280	0.0	0.0	0.0
314	1281	0.0	0.5	0.5
315	1282	0.5	1.0	0.5
316	1283	0.0	1.0	1.0
317	1284	0.0	0.5	0.5
318	1285	0.0	1.0	1.0
319	1286	0.0	0.5	0.5
320	1287	0.0	0.5	0.5
321	1288	0.0	0.0	0.0
322	1289	1.0	0.5	1.0
323	129	0.5	0.0	0.5
324	1290	0.0	0.0	0.0
325	1291	0.0	0.0	0.0
326	1292	0.0	1.0	1.0
327	1293	0.0	0.5	0.5
328	1294	0.0	0.5	0.5
329	1295	0.0	1.0	1.0
330	1296	0.0	0.0	0.0
331	1297	0.5	0.5	0.5
332	1298	0.0	0.5	0.5
333	1299	0.0	0.5	0.5
334	13	0.0	0.0	0.0
335	130	0.0	1.0	1.0
336	1300	0.0	1.0	1.0
337	1301	0.5	1.0	1.0
338	1302	0.0	1.0	1.0
339	1303	0.5	0.0	0.5
340	1304	0.0	0.0	0.0
341	1305	1.0	0.0	1.0
342	1306	0.0	1.0	1.0
343	1307	0.5	0.5	0.0
344	1308	0.0	0.5	0.5
345	1309	0.5	0.0	0.5
346	131	0.0	1.0	1.0
347	1310	0.0	0.5	0.5
348	1311	0.0	0.0	0.0
349	1312	0.0	0.0	0.0
350	1313	0.0	1.0	1.0
351	1314	0.5	0.5	0.0
352	1315	0.5	0.0	0.5
353	1316	0.5	1.0	1.0
354	1317	0.0	0.5	0.5
355	1318	0.5	1.0	1.0
356	1319	0.0	1.0	1.0
357	132	0.0	1.0	1.0
358	1320	0.0	0.0	0.0
359	1321	0.0	1.0	1.0
360	1322	0.0	0.0	0.0
361	1323	0.0	1.0	1.0
362	1324	0.0	0.5	0.5
363	1325	0.0	0.5	0.5
364	1326	0.0	0.0	0.0
365	1327	0.0	0.0	0.0
366	1328	0.0	0.0	0.0
367	1329	0.5	0.5	1.0
368	133	0.0	0.0	0.0
369	1330	0.0	0.0	0.0
370	1331	0.0	0.0	0.0
371	1332	0.0	0.5	0.5
372	1333	0.0	0.5	0.5
373	1334	0.0	1.0	1.0
374	1335	0.0	0.0	0.0
375	1336	0.0	0.5	0.5
376	1337	0.0	1.0	1.0
377	1338	0.0	0.0	0.0
378	1339	0.0	0.0	0.0
379	134	0.5	0.0	0.5
380	1340	0.0	1.0	1.0
381	1341	0.0	1.0	1.0
382	1342	0.0	0.0	0.0
383	1343	0.0	0.0	0.0
384	1344	0.5	0.0	0.5
385	1345	0.0	0.0	0.0
386	1346	0.0	1.0	1.0
387	1347	0.0	0.5	0.5
388	1348	0.0	1.0	1.0
389	1349	0.0	1.0	1.0
390	135	0.0	0.0	0.0
391	1350	0.0	1.0	1.0
392	1351	0.0	0.5	0.5
393	1352	0.5	1.0	0.5
394	1353	0.0	1.0	1.0
395	1354	0.5	1.0	0.5
396	1355	0.0	1.0	1.0
397	1356	0.0	0.5	0.5
398	1357	0.0	0.0	0.0
399	1358	0.0	1.0	1.0
400	1359	0.0	0.0	0.0
401	136	0.0	0.0	0.0
402	1360	0.5	0.5	0.5
403	1361	0.0	0.5	0.5
404	1362	0.5	0.0	0.5
405	1363	0.0	0.0	0.0
406	1364	0.0	0.0	0.0
407	1365	0.5	1.0	1.0
408	1366	0.5	0.5	0.0
409	1367	0.0	0.0	0.0
410	1368	0.0	0.5	0.5
411	1369	0.0	0.5	0.5
412	137	0.5	0.5	0.0
413	1370	1.0	1.0	0.0
414	1371	0.0	0.5	0.5
415	1372	0.0	0.5	0.5
416	1373	0.0	0.5	0.5
417	1374	0.0	0.5	0.5
418	1375	0.0	0.5	0.5
419	1376	0.0	1.0	1.0
420	1377	0.0	0.5	0.5
421	1378	1.0	1.0	1.0
422	1379	0.5	1.0	0.5
423	138	0.0	0.0	0.0
424	1380	0.0	0.0	0.0
425	1381	0.0	1.0	1.0
426	1382	1.0	0.0	1.0
427	1383	0.5	0.0	0.5
428	1384	0.0	0.5	0.5
429	1385	0.0	0.0	0.0
430	1386	0.0	0.0	0.0
431	1387	0.0	0.0	0.0
432	1388	0.0	0.5	0.5
433	1389	0.0	0.0	0.0
434	139	0.5	0.0	0.5
435	1390	1.0	0.0	1.0
436	1391	0.5	1.0	1.0
437	1392	0.5	1.0	0.5
438	1393	0.0	0.0	0.0
439	1394	0.5	1.0	1.0
440	1395	0.0	0.5	0.5
441	1396	0.0	0.0	0.0
442	1397	0.5	1.0	0.5
443	1398	0.5	0.0	0.5
444	1399	0.0	0.5	0.5
445	14	0.0	1.0	1.0
446	140	0.5	1.0	1.0
447	1400	1.0	1.0	1.0
448	1401	0.0	0.5	0.5
449	1402	0.0	0.5	0.5
450	1403	0.0	0.5	0.5
451	1404	0.5	0.5	0.0
452	1405	0.0	0.5	0.5
453	1406	0.5	0.0	0.5
454	1407	0.0	0.5	0.5
455	1408	0.0	0.0	0.0
456	1409	0.5	1.0	1.0
457	141	0.0	0.0	0.0
458	1410	0.0	0.5	0.5
459	1411	0.0	1.0	1.0
460	1412	0.0	0.0	0.0
461	1413	0.0	0.0	0.0
462	1414	0.0	0.5	0.5
463	1415	1.0	0.5	1.0
464	1416	0.0	0.0	0.0
465	1417	0.0	0.5	0.5
466	1418	0.0	0.0	0.0
467	1419	0.0	0.5	0.5
468	142	0.0	0.0	0.0
469	1420	0.0	0.5	0.5
470	1421	0.5	1.0	1.0
471	1422	0.5	0.5	0.5
472	1423	0.0	0.5	0.5
473	1424	1.0	0.0	1.0
474	1425	0.5	1.0	0.5
475	1426	0.0	1.0	1.0
476	1427	0.5	0.0	0.5
477	1428	0.0	0.0	0.0
478	1429	0.0	0.0	0.0
479	143	0.0	1.0	1.0
480	1430	0.0	1.0	1.0
481	1431	0.0	0.5	0.5
482	1432	0.0	0.5	0.5
483	1433	0.0	0.0	0.0
484	1434	0.0	0.0	0.0
485	1435	0.0	0.0	0.0
486	1436	0.0	1.0	1.0
487	1437	1.0	0.0	1.0
488	1438	0.5	0.5	0.5
489	1439	0.0	0.5	0.5
490	144	0.0	0.5	0.5
491	1440	0.0	0.0	0.0
492	1441	0.0	0.5	0.5
493	1442	0.0	0.5	0.5
494	1443	0.0	0.5	0.5
495	1444	0.0	0.5	0.5
496	1445	1.0	1.0	1.0
497	1446	0.0	0.5	0.5
498	1447	0.5	1.0	1.0
499	1448	0.0	1.0	1.0
500	1449	0.5	0.5	1.0
501	145	0.5	1.0	1.0
502	1450	0.0	1.0	1.0
503	1451	0.0	0.0	0.0
504	1452	0.5	1.0	0.5
505	1453	0.0	0.5	0.5
506	1454	0.0	0.0	0.0
507	1455	0.0	0.0	0.0
508	1456	0.0	0.0	0.0
509	1457	0.0	0.0	0.0
510	1458	0.0	0.0	0.0
511	1459	0.5	1.0	0.5
512	146	1.0	1.0	1.0
513	1460	0.0	0.5	0.5
514	1461	1.0	1.0	1.0
515	1462	0.0	0.0	0.0
516	1463	0.0	0.5	0.5
517	1464	0.0	1.0	1.0
518	1465	1.0	1.0	1.0
519	1466	0.5	0.5	1.0
520	1467	0.0	0.5	0.5
521	1468	0.0	0.0	0.0
522	1469	0.5	1.0	1.0
523	147	0.0	0.5	0.5
524	1470	0.5	0.5	0.5
525	1471	0.0	0.5	0.5
526	1472	0.0	0.0	0.0
527	1473	0.0	0.5	0.5
528	1474	0.0	1.0	1.0
529	1475	0.5	0.5	0.0
530	1476	0.0	0.0	0.0
531	1477	1.0	1.0	1.0
532	1478	0.0	0.0	0.0
533	1479	0.0	1.0	1.0
534	148	0.5	0.5	1.0
535	1480	0.0	1.0	1.0
536	1481	1.0	1.0	0.5
537	1482	0.0	0.0	0.0
538	1483	0.0	0.0	0.0
539	1484	1.0	1.0	0.5
540	1485	0.5	1.0	1.0
541	1486	0.0	0.5	0.5
542	1487	0.0	1.0	1.0
543	1488	1.0	1.0	0.5
544	1489	0.0	0.5	0.5
545	149	1.0	0.0	1.0
546	1490	0.0	1.0	1.0
547	1491	0.0	0.0	0.0
548	1492	0.0	0.0	0.0
549	1493	0.0	0.0	0.0
550	1494	0.0	0.0	0.0
551	1495	0.0	0.5	0.5
552	1496	1.0	1.0	0.5
553	1497	0.0	0.5	0.5
554	1498	1.0	0.0	1.0
555	1499	0.0	0.0	0.0
556	15	1.0	0.0	1.0
557	150	0.5	1.0	1.0
558	1500	0.0	0.0	0.0
559	1501	0.0	0.0	0.0
560	1502	1.0	0.5	1.0
561	1503	0.0	0.0	0.0
562	1504	0.0	1.0	1.0
563	1505	0.0	0.5	0.5
564	1506	0.0	0.0	0.0
565	1507	0.0	1.0	1.0
566	1508	0.0	0.5	0.5
567	1509	0.0	1.0	1.0
568	151	0.0	0.5	0.5
569	1510	0.0	0.0	0.0
570	1511	0.5	0.0	0.5
571	1512	0.0	1.0	1.0
572	1513	0.5	1.0	1.0
573	1514	0.0	1.0	1.0
574	1515	0.5	1.0	0.5
575	1516	0.5	1.0	1.0
576	1517	0.0	0.5	0.5
577	1518	0.5	0.5	0.0
578	1519	0.0	0.0	0.0
579	152	1.0	1.0	0.0
580	1520	1.0	1.0	0.5
581	1521	0.0	0.5	0.5
582	1522	0.0	0.5	0.5
583	1523	0.0	0.5	0.5
584	1524	0.0	0.0	0.0
585	1525	0.0	0.5	0.5
586	1526	0.0	0.0	0.0
587	1527	0.0	0.0	0.0
588	1528	0.5	0.5	0.0
589	1529	0.0	0.0	0.0
590	153	0.0	0.0	0.0
591	1530	0.0	1.0	1.0
592	1531	0.5	0.0	0.5
593	1532	0.0	0.0	0.0
594	1533	0.0	0.5	0.5
595	1534	0.0	0.0	0.0
596	1535	0.0	0.0	0.0
597	1536	0.0	1.0	1.0
598	1537	0.5	1.0	0.5
599	1538	0.0	0.5	0.5
600	1539	0.0	0.5	0.5
601	154	0.0	0.0	0.0
602	1540	0.5	0.0	0.5
603	1541	0.5	1.0	1.0
604	1542	0.5	0.0	0.5
605	1543	0.0	0.0	0.0
606	1544	0.0	0.5	0.5
607	1545	0.5	0.0	0.5
608	1546	0.5	0.5	0.0
609	1547	0.0	0.0	0.0
610	1548	0.0	0.0	0.0
611	1549	0.0	0.0	0.0
612	155	0.0	0.5	0.5
613	1550	0.5	0.0	0.5
614	1551	0.5	0.0	0.5
615	1552	0.0	0.5	0.5
616	1553	0.0	0.5	0.5
617	1554	0.0	0.0	0.0
618	1555	0.0	0.0	0.0
619	1556	0.0	0.0	0.0
620	1557	0.0	0.0	0.0
621	1558	0.0	0.0	0.0
622	1559	0.0	1.0	1.0
623	156	0.0	0.0	0.0
624	1560	0.0	0.0	0.0
625	1561	0.5	1.0	1.0
626	1562	0.0	0.5	0.5
627	1563	0.0	1.0	1.0
628	1564	0.0	1.0	1.0
629	1565	1.0	1.0	1.0
630	1566	0.0	0.0	0.0
631	1567	0.0	0.5	0.5
632	1568	0.0	0.5	0.5
633	1569	0.0	0.0	0.0
634	157	0.0	0.0	0.0
635	1570	0.5	0.5	0.0
636	1571	0.5	1.0	1.0
637	1572	0.0	0.5	0.5
638	1573	0.0	0.5	0.5
639	1574	0.0	0.0	0.0
640	1575	0.5	0.0	0.5
641	1576	0.0	0.0	0.0
642	1577	0.5	0.5	1.0
643	1578	0.0	0.5	0.5
644	1579	0.0	0.5	0.5
645	158	0.0	1.0	1.0
646	1580	0.0	0.5	0.5
647	1581	1.0	0.5	0.5
648	1582	0.5	0.5	0.5
649	1583	0.0	1.0	1.0
650	1584	0.0	0.5	0.5
651	1585	0.0	0.5	0.5
652	1586	0.0	0.5	0.5
653	1587	0.0	0.5	0.5
654	1588	1.0	0.0	1.0
655	1589	0.0	0.5	0.5
656	159	0.5	1.0	1.0
657	1590	0.5	1.0	1.0
658	1591	0.5	1.0	0.5
659	1592	1.0	1.0	1.0
660	1593	1.0	0.5	0.5
661	1594	0.0	0.5	0.5
662	1595	0.0	0.0	0.0
663	1596	0.0	0.0	0.0
664	1597	0.0	0.0	0.0
665	1598	0.0	0.0	0.0
666	1599	0.0	1.0	1.0
667	16	0.0	1.0	1.0
668	160	0.0	1.0	1.0
669	1600	0.5	0.0	0.5
670	1601	0.0	1.0	1.0
671	1602	0.0	0.5	0.5
672	1603	0.0	1.0	1.0
673	1604	0.0	0.5	0.5
674	1605	0.5	1.0	1.0
675	1606	0.0	0.5	0.5
676	1607	0.0	0.0	0.0
677	1608	0.0	0.5	0.5
678	1609	0.0	1.0	1.0
679	161	0.5	1.0	1.0
680	1610	0.5	0.0	0.5
681	1611	1.0	1.0	1.0
682	1612	0.0	0.5	0.5
683	1613	1.0	0.5	1.0
684	1614	0.0	1.0	1.0
685	1615	0.5	0.0	0.5
686	1616	0.5	0.5	1.0
687	1617	0.0	0.5	0.5
688	1618	0.0	0.5	0.5
689	1619	0.0	0.5	0.5
690	162	0.0	1.0	1.0
691	1620	0.5	1.0	1.0
692	1621	0.5	0.0	0.5
693	1622	0.0	0.5	0.5
694	1623	0.0	0.5	0.5
695	1624	1.0	0.0	1.0
696	1625	0.0	0.0	0.0
697	1626	0.0	0.0	0.0
698	1627	0.0	0.0	0.0
699	1628	0.0	0.0	0.0
700	1629	1.0	1.0	1.0
701	163	1.0	1.0	1.0
702	1630	0.0	0.0	0.0
703	1631	0.0	1.0	1.0
704	1632	0.0	0.5	0.5
705	1633	0.0	0.5	0.5
706	1634	0.0	0.5	0.5
707	1635	0.5	1.0	1.0
708	1636	1.0	1.0	0.0
709	1637	0.0	0.0	0.0
710	1638	0.0	0.0	0.0
711	1639	0.0	0.0	0.0
712	164	0.0	0.5	0.5
713	1640	0.0	0.0	0.0
714	1641	0.0	0.5	0.5
715	1642	0.5	1.0	1.0
716	1643	0.0	1.0	1.0
717	1644	0.0	0.0	0.0
718	1645	0.0	0.5	0.5
719	1646	0.5	0.0	0.5
720	1647	0.0	0.5	0.5
721	1648	0.0	0.5	0.5
722	1649	0.0	0.0	0.0
723	165	0.0	0.0	0.0
724	1650	0.0	1.0	1.0
725	1651	0.0	0.0	0.0
726	1652	0.0	1.0	1.0
727	1653	0.0	1.0	1.0
728	1654	0.5	0.5	0.5
729	1655	0.5	1.0	0.5
730	1656	0.0	0.0	0.0
731	1657	0.0	0.0	0.0
732	1658	0.0	0.5	0.5
733	1659	0.5	0.0	0.5
734	166	0.0	0.5	0.5
735	1660	0.0	0.5	0.5
736	1661	0.0	0.0	0.0
737	1662	1.0	1.0	0.5
738	1663	0.5	0.5	1.0
739	1664	0.0	0.0	0.0
740	1665	0.5	0.5	1.0
741	1666	0.5	0.0	0.5
742	1667	0.0	0.0	0.0
743	1668	0.0	0.5	0.5
744	1669	0.0	0.5	0.5
745	167	0.0	0.0	0.0
746	1670	0.0	0.5	0.5
747	1671	0.5	1.0	1.0
748	1672	0.5	0.5	1.0
749	1673	0.0	0.0	0.0
750	1674	1.0	1.0	0.0
751	1675	0.0	1.0	1.0
752	1676	0.0	0.5	0.5
753	1677	0.0	1.0	1.0
754	1678	0.0	0.5	0.5
755	1679	1.0	1.0	0.5
756	168	0.5	1.0	1.0
757	1680	0.0	0.5	0.5
758	1681	0.5	1.0	1.0
759	1682	0.5	0.0	0.5
760	1683	0.5	0.0	0.5
761	1684	0.0	0.5	0.5
762	1685	0.5	1.0	1.0
763	1686	0.0	1.0	1.0
764	1687	0.0	0.0	0.0
765	1688	0.0	0.0	0.0
766	1689	0.5	0.5	0.5
767	169	0.0	0.5	0.5
768	1690	0.0	0.5	0.5
769	1691	0.0	1.0	1.0
770	1692	0.0	0.5	0.5
771	1693	0.5	0.0	0.5
772	1694	0.5	1.0	1.0
773	1695	0.5	1.0	0.5
774	1696	0.0	1.0	1.0
775	1697	0.0	1.0	1.0
776	1698	0.0	0.0	0.0
777	1699	0.0	1.0	1.0
778	17	0.0	0.0	0.0
779	170	0.0	1.0	1.0
780	1700	0.0	0.0	0.0
781	1701	0.0	0.5	0.5
782	1702	0.0	0.5	0.5
783	1703	0.0	1.0	1.0
784	1704	0.0	1.0	1.0
785	1705	0.0	0.5	0.5
786	1706	1.0	0.0	1.0
787	1707	0.0	0.0	0.0
788	1708	0.0	0.5	0.5
789	1709	0.0	0.0	0.0
790	171	0.0	0.0	0.0
791	1710	0.0	0.5	0.5
792	1711	0.0	1.0	1.0
793	1712	1.0	1.0	1.0
794	1713	0.0	0.0	0.0
795	1714	1.0	1.0	0.5
796	1715	0.0	0.5	0.5
797	1716	1.0	1.0	0.5
798	1717	0.5	1.0	1.0
799	1718	0.0	0.0	0.0
800	1719	0.0	0.0	0.0
801	172	0.0	1.0	1.0
802	1720	0.0	0.0	0.0
803	1721	0.0	0.0	0.0
804	1722	0.0	1.0	1.0
805	1723	0.0	0.5	0.5
806	1724	0.5	1.0	0.5
807	1725	0.0	0.5	0.5
808	1726	0.0	0.5	0.5
809	1727	0.5	1.0	1.0
810	1728	0.0	0.5	0.5
811	1729	0.0	0.0	0.0
812	173	0.0	0.0	0.0
813	1730	0.0	0.0	0.0
814	1731	0.0	0.0	0.0
815	1732	0.0	0.5	0.5
816	1733	1.0	1.0	1.0
817	1734	0.0	0.5	0.5
818	1735	0.0	0.5	0.5
819	1736	0.0	0.0	0.0
820	1737	0.5	0.5	0.0
821	1738	0.5	1.0	1.0
822	1739	0.0	0.5	0.5
823	174	0.0	0.0	0.0
824	1740	0.0	0.0	0.0
825	1741	0.5	1.0	1.0
826	1742	0.0	0.5	0.5
827	1743	0.0	0.0	0.0
828	1744	0.5	1.0	1.0
829	1745	0.0	0.5	0.5
830	1746	0.0	0.5	0.5
831	1747	0.0	1.0	1.0
832	1748	0.0	0.5	0.5
833	1749	0.0	0.5	0.5
834	175	0.0	0.0	0.0
835	1750	0.5	0.5	0.0
836	1751	0.0	0.0	0.0
837	1752	0.0	0.5	0.5
838	1753	0.5	1.0	0.5
839	1754	0.0	0.5	0.5
840	1755	0.0	0.5	0.5
841	1756	0.5	0.5	1.0
842	1757	0.0	0.5	0.5
843	1758	0.0	0.0	0.0
844	1759	0.0	0.5	0.5
845	176	0.0	0.0	0.0
846	1760	0.0	0.0	0.0
847	1761	0.0	0.0	0.0
848	1762	1.0	1.0	0.5
849	1763	0.0	1.0	1.0
850	1764	0.0	0.5	0.5
851	1765	0.0	0.0	0.0
852	1766	0.0	0.5	0.5
853	1767	0.0	0.5	0.5
854	1768	0.5	0.5	0.0
855	1769	1.0	0.0	1.0
856	177	0.5	0.0	0.5
857	1770	0.5	1.0	1.0
858	1771	0.0	0.5	0.5
859	1772	0.5	0.5	0.5
860	1773	0.0	0.5	0.5
861	1774	0.0	0.5	0.5
862	1775	0.0	0.5	0.5
863	1776	0.0	1.0	1.0
864	1777	0.0	1.0	1.0
865	1778	0.0	0.0	0.0
866	1779	0.0	0.5	0.5
867	178	0.0	0.5	0.5
868	1780	1.0	1.0	1.0
869	1781	0.0	0.5	0.5
870	1782	0.0	0.5	0.5
871	1783	0.0	0.0	0.0
872	1784	0.0	0.0	0.0
873	1785	0.5	0.5	1.0
874	1786	0.0	0.5	0.5
875	1787	0.5	0.5	1.0
876	1788	0.0	0.5	0.5
877	1789	0.0	0.5	0.5
878	179	1.0	1.0	1.0
879	1790	0.0	1.0	1.0
880	1791	0.0	0.5	0.5
881	1792	0.0	0.0	0.0
882	1793	0.5	0.5	0.5
883	1794	0.0	1.0	1.0
884	1795	0.0	0.5	0.5
885	1796	0.0	0.5	0.5
886	1797	0.5	0.5	0.5
887	1798	0.0	0.5	0.5
888	1799	0.0	0.0	0.0
889	18	0.5	1.0	0.5
890	180	0.0	0.5	0.5
891	1800	0.0	0.0	0.0
892	1801	0.0	0.5	0.5
893	1802	1.0	1.0	0.5
894	1803	0.0	0.0	0.0
895	1804	0.0	0.5	0.5
896	1805	1.0	1.0	1.0
897	1806	1.0	0.5	1.0
898	1807	0.0	0.0	0.0
899	1808	0.0	0.5	0.5
900	1809	0.0	0.5	0.5
901	181	0.0	0.0	0.0
902	1810	0.0	0.5	0.5
903	1811	0.0	0.5	0.5
904	1812	0.0	1.0	1.0
905	1813	0.5	1.0	1.0
906	1814	0.5	0.0	0.5
907	1815	0.0	1.0	1.0
908	1816	0.0	0.5	0.5
909	1817	0.0	0.5	0.5
910	1818	0.5	1.0	0.5
911	1819	0.5	0.5	0.0
912	182	0.0	1.0	1.0
913	1820	1.0	1.0	1.0
914	1821	1.0	0.0	1.0
915	1822	0.0	0.0	0.0
916	1823	0.5	1.0	1.0
917	1824	0.0	1.0	1.0
918	1825	0.5	0.5	0.0
919	1826	0.0	0.5	0.5
920	1827	0.0	0.0	0.0
921	1828	0.5	1.0	1.0
922	1829	0.0	0.5	0.5
923	183	0.0	1.0	1.0
924	1830	0.5	1.0	0.5
925	1831	0.5	1.0	1.0
926	1832	0.0	0.0	0.0
927	1833	0.0	0.5	0.5
928	1834	0.0	0.0	0.0
929	1835	0.0	1.0	1.0
930	1836	0.5	0.5	0.0
931	1837	1.0	1.0	0.0
932	1838	0.5	0.0	0.5
933	1839	0.0	0.5	0.5
934	184	0.0	0.0	0.0
935	1840	0.0	0.0	0.0
936	1841	0.5	1.0	1.0
937	1842	0.0	0.0	0.0
938	1843	0.0	0.0	0.0
939	1844	0.0	1.0	1.0
940	1845	0.0	0.5	0.5
941	1846	0.0	0.0	0.0
942	1847	0.0	0.5	0.5
943	1848	0.5	1.0	1.0
944	1849	0.5	0.5	0.0
945	185	0.5	0.0	0.5
946	1850	0.0	0.0	0.0
947	1851	0.0	0.0	0.0
948	1852	0.5	0.0	0.5
949	1853	0.5	0.5	0.5
950	1854	0.0	0.5	0.5
951	1855	0.0	0.5	0.5
952	1856	0.0	0.5	0.5
953	1857	0.0	1.0	1.0
954	1858	0.0	0.5	0.5
955	1859	0.0	1.0	1.0
956	186	0.5	0.5	0.5
957	1860	0.5	1.0	0.5
958	1861	0.0	1.0	1.0
959	1862	0.5	0.5	0.0
960	1863	1.0	1.0	0.5
961	1864	0.0	1.0	1.0
962	1865	0.0	0.5	0.5
963	1866	0.5	0.5	0.0
964	1867	0.0	1.0	1.0
965	1868	0.0	0.0	0.0
966	1869	0.0	0.0	0.0
967	187	0.0	0.5	0.5
968	1870	0.0	0.0	0.0
969	1871	0.0	0.5	0.5
970	1872	0.0	1.0	1.0
971	1873	0.5	1.0	0.5
972	1874	0.0	1.0	1.0
973	1875	0.0	0.5	0.5
974	1876	0.0	0.0	0.0
975	1877	0.5	1.0	1.0
976	1878	0.0	0.5	0.5
977	1879	0.5	1.0	0.5
978	188	0.5	1.0	1.0
979	1880	0.0	0.5	0.5
980	1881	0.5	0.5	1.0
981	1882	0.0	0.0	0.0
982	1883	0.0	1.0	1.0
983	1884	0.0	0.0	0.0
984	1885	0.0	0.5	0.5
985	1886	1.0	1.0	0.5
986	1887	0.5	0.5	1.0
987	1888	1.0	0.0	1.0
988	1889	0.0	1.0	1.0
989	189	0.0	0.0	0.0
990	1890	0.0	0.5	0.5
991	1891	0.5	1.0	1.0
992	1892	0.0	0.5	0.5
993	1893	0.5	1.0	1.0
994	1894	0.0	0.5	0.5
995	1895	0.5	1.0	1.0
996	1896	0.0	0.5	0.5
997	1897	0.0	0.0	0.0
998	1898	0.0	1.0	1.0
999	1899	0.5	1.0	0.5
1000	19	0.0	0.0	0.0
1001	190	0.0	0.0	0.0
1002	1900	0.5	1.0	0.5
1003	1901	0.0	0.0	0.0
1004	1902	0.0	0.5	0.5
1005	1903	1.0	1.0	0.5
1006	1904	0.0	0.5	0.5
1007	1905	1.0	1.0	1.0
1008	1906	0.0	0.0	0.0
1009	1907	0.0	0.0	0.0
1010	1908	0.0	1.0	1.0
1011	1909	0.0	1.0	1.0
1012	191	0.0	1.0	1.0
1013	1910	0.0	1.0	1.0
1014	1911	0.0	0.5	0.5
1015	1912	0.0	1.0	1.0
1016	1913	0.0	0.0	0.0
1017	1914	0.0	1.0	1.0
1018	1915	0.0	0.0	0.0
1019	1916	0.5	0.0	0.5
1020	1917	1.0	1.0	1.0
1021	1918	0.0	0.0	0.0
1022	1919	0.0	0.5	0.5
1023	192	0.5	0.5	1.0
1024	1920	0.5	0.5	0.5
1025	1921	0.0	0.0	0.0
1026	1922	0.5	0.5	0.5
1027	1923	0.0	1.0	1.0
1028	1924	0.0	0.5	0.5
1029	1925	0.0	0.5	0.5
1030	1926	0.0	0.0	0.0
1031	1927	0.0	0.0	0.0
1032	1928	0.0	0.5	0.5
1033	1929	0.0	0.5	0.5
1034	193	0.0	0.5	0.5
1035	1930	0.0	0.5	0.5
1036	1931	1.0	1.0	0.5
1037	1932	0.0	0.5	0.5
1038	1933	0.0	1.0	1.0
1039	1934	0.0	1.0	1.0
1040	1935	0.0	1.0	1.0
1041	1936	0.0	0.0	0.0
1042	1937	0.0	0.0	0.0
1043	1938	0.5	0.5	1.0
1044	1939	0.0	0.0	0.0
1045	194	0.0	0.5	0.5
1046	1940	0.0	0.5	0.5
1047	1941	0.0	0.0	0.0
1048	1942	1.0	1.0	1.0
1049	1943	0.0	0.5	0.5
1050	1944	0.0	0.5	0.5
1051	1945	0.5	0.5	0.0
1052	1946	0.0	0.0	0.0
1053	1947	0.0	1.0	1.0
1054	1948	0.5	0.0	0.5
1055	1949	0.5	1.0	1.0
1056	195	0.0	1.0	1.0
1057	1950	0.5	1.0	0.5
1058	1951	0.0	0.0	0.0
1059	1952	0.0	0.5	0.5
1060	1953	0.0	0.5	0.5
1061	1954	0.0	1.0	1.0
1062	1955	0.0	0.5	0.5
1063	1956	0.0	1.0	1.0
1064	1957	0.5	0.5	0.5
1065	1958	0.0	0.0	0.0
1066	1959	0.0	0.0	0.0
1067	196	0.5	1.0	0.5
1068	1960	0.0	0.5	0.5
1069	1961	0.5	0.5	0.0
1070	1962	0.5	0.5	1.0
1071	1963	0.0	0.5	0.5
1072	1964	0.0	0.5	0.5
1073	1965	0.0	0.0	0.0
1074	1966	0.0	0.0	0.0
1075	1967	0.5	0.0	0.5
1076	1968	0.5	0.5	0.0
1077	1969	0.0	0.0	0.0
1078	197	0.0	0.0	0.0
1079	1970	0.0	0.0	0.0
1080	1971	0.0	0.0	0.0
1081	1972	0.0	0.0	0.0
1082	1973	0.0	0.0	0.0
1083	1974	0.0	0.0	0.0
1084	1975	0.5	0.5	0.0
1085	1976	0.0	1.0	1.0
1086	1977	0.5	0.5	1.0
1087	1978	0.5	0.0	0.5
1088	1979	0.5	0.0	0.5
1089	198	0.0	0.0	0.0
1090	1980	0.5	0.5	0.5
1091	1981	0.5	1.0	1.0
1092	1982	0.5	1.0	1.0
1093	1983	0.5	0.5	0.5
1094	1984	0.0	0.0	0.0
1095	1985	0.0	1.0	1.0
1096	1986	0.0	0.0	0.0
1097	1987	0.0	0.0	0.0
1098	1988	0.0	0.5	0.5
1099	1989	0.5	0.0	0.5
1100	199	0.0	0.0	0.0
1101	1990	0.5	0.0	0.5
1102	1991	1.0	1.0	0.5
1103	1992	0.0	0.5	0.5
1104	1993	0.5	1.0	0.5
1105	1994	0.5	1.0	1.0
1106	1995	1.0	0.5	1.0
1107	1996	0.0	0.5	0.5
1108	1997	0.0	0.5	0.5
1109	1998	0.0	0.5	0.5
1110	1999	1.0	1.0	1.0
1111	2	0.0	0.0	0.0
1112	20	0.5	0.0	0.5
1113	200	0.0	0.5	0.5
1114	2000	0.0	0.5	0.5
1115	201	0.5	1.0	1.0
1116	202	0.0	0.0	0.0
1117	203	1.0	1.0	1.0
1118	204	0.0	0.0	0.0
1119	205	1.0	1.0	0.5
1120	206	0.0	0.5	0.5
1121	207	0.0	0.0	0.0
1122	208	0.0	0.0	0.0
1123	209	0.0	0.0	0.0
1124	21	0.0	0.5	0.5
1125	210	0.0	0.5	0.5
1126	211	0.5	0.5	0.0
1127	212	0.5	0.5	0.0
1128	213	1.0	0.5	1.0
1129	214	0.0	0.0	0.0
1130	215	0.0	0.5	0.5
1131	216	0.0	0.5	0.5
1132	217	0.5	1.0	1.0
1133	218	0.5	1.0	1.0
1134	219	0.0	1.0	1.0
1135	22	0.0	0.0	0.0
1136	220	0.5	0.5	0.5
1137	221	0.0	0.5	0.5
1138	222	0.0	0.0	0.0
1139	223	0.0	0.0	0.0
1140	224	0.0	1.0	1.0
1141	225	0.0	0.5	0.5
1142	226	0.5	0.0	0.5
1143	227	0.0	0.0	0.0
1144	228	0.0	1.0	1.0
1145	229	0.0	0.5	0.5
1146	23	1.0	1.0	1.0
1147	230	0.0	0.5	0.5
1148	231	1.0	0.5	1.0
1149	232	0.0	0.0	0.0
1150	233	0.5	1.0	1.0
1151	234	0.5	1.0	0.5
1152	235	1.0	0.0	1.0
1153	236	0.5	1.0	1.0
1154	237	1.0	1.0	1.0
1155	238	0.0	0.5	0.5
1156	239	0.0	0.5	0.5
1157	24	0.5	0.5	1.0
1158	240	1.0	1.0	0.5
1159	241	0.0	0.0	0.0
1160	242	0.0	0.5	0.5
1161	243	0.0	0.5	0.5
1162	244	0.0	0.0	0.0
1163	245	0.5	0.5	1.0
1164	246	0.0	0.0	0.0
1165	247	0.5	0.5	0.5
1166	248	0.0	0.5	0.5
1167	249	0.0	0.0	0.0
1168	25	0.0	0.5	0.5
1169	250	0.5	1.0	0.5
1170	251	1.0	1.0	1.0
1171	252	0.0	0.5	0.5
1172	253	0.5	0.5	0.0
1173	254	0.0	1.0	1.0
1174	255	0.5	1.0	1.0
1175	256	0.5	1.0	1.0
1176	257	0.5	1.0	1.0
1177	258	0.0	0.0	0.0
1178	259	0.5	1.0	1.0
1179	26	1.0	0.5	1.0
1180	260	0.0	1.0	1.0
1181	261	0.0	0.5	0.5
1182	262	0.0	1.0	1.0
1183	263	1.0	1.0	0.5
1184	264	0.0	0.5	0.5
1185	265	0.5	0.0	0.5
1186	266	0.0	0.5	0.5
1187	267	0.0	0.0	0.0
1188	268	0.5	1.0	0.5
1189	269	0.0	0.0	0.0
1190	27	0.0	1.0	1.0
1191	270	1.0	1.0	0.0
1192	271	0.0	0.5	0.5
1193	272	0.5	0.5	1.0
1194	273	0.0	0.5	0.5
1195	274	0.5	1.0	1.0
1196	275	0.0	0.0	0.0
1197	276	0.5	0.5	0.0
1198	277	0.0	0.0	0.0
1199	278	1.0	1.0	0.5
1200	279	0.0	0.5	0.5
1201	28	1.0	1.0	0.5
1202	280	0.0	0.5	0.5
1203	281	0.0	0.5	0.5
1204	282	0.0	1.0	1.0
1205	283	1.0	1.0	0.5
1206	284	0.5	1.0	0.5
1207	285	0.0	0.5	0.5
1208	286	0.0	1.0	1.0
1209	287	0.5	0.0	0.5
1210	288	0.5	0.0	0.5
1211	289	0.0	0.5	0.5
1212	29	0.5	1.0	1.0
1213	290	0.0	0.0	0.0
1214	291	0.5	1.0	1.0
1215	292	0.0	1.0	1.0
1216	293	0.0	0.5	0.5
1217	294	0.5	0.5	0.0
1218	295	0.0	0.5	0.5
1219	296	0.5	0.0	0.5
1220	297	0.5	0.5	0.5
1221	298	0.5	0.5	1.0
1222	299	0.0	1.0	1.0
1223	3	0.0	0.0	0.0
1224	30	0.5	0.5	0.5
1225	300	0.0	0.0	0.0
1226	301	0.5	0.5	1.0
1227	302	0.5	1.0	1.0
1228	303	0.0	1.0	1.0
1229	304	0.0	1.0	1.0
1230	305	0.0	0.0	0.0
1231	306	0.0	0.5	0.5
1232	307	0.0	1.0	1.0
1233	308	0.5	0.0	0.5
1234	309	0.0	0.0	0.0
1235	31	0.0	0.5	0.5
1236	310	0.0	0.5	0.5
1237	311	0.0	0.0	0.0
1238	312	0.0	0.0	0.0
1239	313	0.0	1.0	1.0
1240	314	0.0	0.5	0.5
1241	315	1.0	0.5	1.0
1242	316	0.5	0.0	0.5
1243	317	0.0	1.0	1.0
1244	318	0.0	0.5	0.5
1245	319	0.5	0.5	0.0
1246	32	0.0	0.5	0.5
1247	320	1.0	1.0	1.0
1248	321	1.0	1.0	0.5
1249	322	0.0	0.0	0.0
1250	323	0.0	1.0	1.0
1251	324	0.0	1.0	1.0
1252	325	0.5	0.5	0.5
1253	326	0.0	0.5	0.5
1254	327	0.0	0.0	0.0
1255	328	0.5	1.0	0.5
1256	329	0.0	1.0	1.0
1257	33	0.5	0.5	0.0
1258	330	0.5	1.0	0.5
1259	331	0.0	0.0	0.0
1260	332	1.0	0.5	1.0
1261	333	0.0	0.5	0.5
1262	334	0.0	1.0	1.0
1263	335	0.5	0.0	0.5
1264	336	0.5	0.5	0.0
1265	337	0.5	0.0	0.5
1266	338	0.0	0.5	0.5
1267	339	0.5	0.5	0.0
1268	34	0.0	1.0	1.0
1269	340	0.0	0.0	0.0
1270	341	0.0	1.0	1.0
1271	342	0.0	1.0	1.0
1272	343	0.5	1.0	1.0
1273	344	0.0	0.0	0.0
1274	345	1.0	1.0	0.5
1275	346	0.0	0.0	0.0
1276	347	0.5	0.0	0.5
1277	348	0.0	0.0	0.0
1278	349	0.0	1.0	1.0
1279	35	0.0	0.0	0.0
1280	350	0.0	0.5	0.5
1281	351	0.0	1.0	1.0
1282	352	0.5	1.0	1.0
1283	353	0.0	1.0	1.0
1284	354	0.0	1.0	1.0
1285	355	0.0	0.5	0.5
1286	356	0.0	0.0	0.0
1287	357	0.5	0.5	0.0
1288	358	0.0	0.0	0.0
1289	359	0.0	0.5	0.5
1290	36	0.0	0.0	0.0
1291	360	0.0	0.0	0.0
1292	361	0.0	0.0	0.0
1293	362	0.0	0.0	0.0
1294	363	1.0	1.0	1.0
1295	364	1.0	1.0	1.0
1296	365	0.5	0.5	0.5
1297	366	0.0	0.5	0.5
1298	367	0.5	0.5	1.0
1299	368	0.5	0.5	1.0
1300	369	1.0	1.0	1.0
1301	37	0.0	1.0	1.0
1302	370	0.5	0.5	0.0
1303	371	0.0	0.5	0.5
1304	372	0.0	0.5	0.5
1305	373	0.0	0.0	0.0
1306	374	0.0	0.0	0.0
1307	375	0.0	0.5	0.5
1308	376	0.5	1.0	1.0
1309	377	0.5	1.0	1.0
1310	378	0.5	1.0	0.5
1311	379	0.0	0.5	0.5
1312	38	0.0	0.5	0.5
1313	380	0.0	0.0	0.0
1314	381	0.0	0.5	0.5
1315	382	0.5	0.0	0.5
1316	383	0.0	0.0	0.0
1317	384	0.0	0.0	0.0
1318	385	0.0	0.0	0.0
1319	386	0.5	1.0	1.0
1320	387	0.0	0.5	0.5
1321	388	1.0	0.0	1.0
1322	389	0.0	1.0	1.0
1323	39	0.0	0.0	0.0
1324	390	0.0	0.5	0.5
1325	391	0.0	0.5	0.5
1326	392	0.0	1.0	1.0
1327	393	1.0	1.0	0.0
1328	394	0.0	1.0	1.0
1329	395	0.0	0.5	0.5
1330	396	0.0	0.5	0.5
1331	397	0.5	0.0	0.5
1332	398	0.0	1.0	1.0
1333	399	0.0	1.0	1.0
1334	4	1.0	1.0	1.0
1335	40	0.0	0.5	0.5
1336	400	0.0	0.5	0.5
1337	401	0.0	1.0	1.0
1338	402	0.5	1.0	0.5
1339	403	1.0	0.5	1.0
1340	404	0.0	0.5	0.5
1341	405	0.0	0.5	0.5
1342	406	0.0	0.0	0.0
1343	407	0.0	1.0	1.0
1344	408	0.0	0.0	0.0
1345	409	0.0	0.5	0.5
1346	41	0.0	0.0	0.0
1347	410	0.0	0.0	0.0
1348	411	1.0	1.0	1.0
1349	412	0.5	0.0	0.5
1350	413	0.5	0.5	0.5
1351	414	0.0	0.5	0.5
1352	415	1.0	1.0	0.0
1353	416	0.0	0.5	0.5
1354	417	0.0	0.5	0.5
1355	418	0.0	0.0	0.0
1356	419	0.0	0.5	0.5
1357	42	0.5	0.0	0.5
1358	420	0.5	0.5	1.0
1359	421	0.0	0.5	0.5
1360	422	0.0	1.0	1.0
1361	423	1.0	1.0	0.5
1362	424	1.0	1.0	0.5
1363	425	0.0	1.0	1.0
1364	426	0.5	1.0	1.0
1365	427	0.0	0.5	0.5
1366	428	0.0	0.5	0.5
1367	429	0.5	0.5	0.5
1368	43	0.0	0.5	0.5
1369	430	1.0	1.0	0.5
1370	431	0.0	0.0	0.0
1371	432	0.0	0.5	0.5
1372	433	0.0	0.5	0.5
1373	434	0.0	0.5	0.5
1374	435	0.0	0.0	0.0
1375	436	0.0	0.0	0.0
1376	437	0.0	0.0	0.0
1377	438	0.0	1.0	1.0
1378	439	0.5	0.0	0.5
1379	44	0.0	0.0	0.0
1380	440	0.0	0.5	0.5
1381	441	0.0	0.0	0.0
1382	442	0.0	0.5	0.5
1383	443	1.0	1.0	0.5
1384	444	0.0	0.5	0.5
1385	445	0.5	0.0	0.5
1386	446	0.5	1.0	0.5
1387	447	0.5	0.5	0.0
1388	448	0.0	0.5	0.5
1389	449	0.0	0.5	0.5
1390	45	0.0	0.5	0.5
1391	450	0.0	0.5	0.5
1392	451	0.0	0.0	0.0
1393	452	0.0	0.5	0.5
1394	453	0.0	1.0	1.0
1395	454	0.0	0.0	0.0
1396	455	0.0	0.0	0.0
1397	456	0.5	0.5	0.5
1398	457	0.5	0.5	1.0
1399	458	0.0	1.0	1.0
1400	459	0.5	0.0	0.5
1401	46	0.0	1.0	1.0
1402	460	0.0	0.0	0.0
1403	461	0.0	0.0	0.0
1404	462	0.5	0.5	0.5
1405	463	1.0	1.0	0.0
1406	464	0.5	0.0	0.5
1407	465	0.0	0.0	0.0
1408	466	0.0	0.5	0.5
1409	467	0.5	0.0	0.5
1410	468	0.0	0.0	0.0
1411	469	1.0	1.0	0.0
1412	47	0.0	0.0	0.0
1413	470	0.5	1.0	1.0
1414	471	0.0	0.5	0.5
1415	472	0.5	0.5	0.0
1416	473	0.0	1.0	1.0
1417	474	0.0	0.0	0.0
1418	475	0.0	0.5	0.5
1419	476	0.0	0.5	0.5
1420	477	0.5	0.0	0.5
1421	478	0.5	0.0	0.5
1422	479	0.0	0.5	0.5
1423	48	0.0	0.0	0.0
1424	480	0.5	0.0	0.5
1425	481	0.5	0.0	0.5
1426	482	0.0	1.0	1.0
1427	483	0.0	0.0	0.0
1428	484	0.0	0.0	0.0
1429	485	0.0	0.0	0.0
1430	486	0.0	1.0	1.0
1431	487	0.0	0.5	0.5
1432	488	0.0	0.0	0.0
1433	489	0.0	0.5	0.5
1434	49	0.0	1.0	1.0
1435	490	0.5	0.5	0.5
1436	491	0.5	0.5	0.5
1437	492	0.5	1.0	1.0
1438	493	0.0	0.0	0.0
1439	494	0.0	1.0	1.0
1440	495	0.0	0.0	0.0
1441	496	0.0	0.0	0.0
1442	497	0.0	0.0	0.0
1443	498	0.0	0.5	0.5
1444	499	0.0	1.0	1.0
1445	5	0.5	1.0	1.0
1446	50	0.0	0.0	0.0
1447	500	1.0	0.0	1.0
1448	501	0.0	1.0	1.0
1449	502	0.0	0.5	0.5
1450	503	0.0	0.5	0.5
1451	504	0.0	0.0	0.0
1452	505	0.0	0.0	0.0
1453	506	0.0	0.0	0.0
1454	507	0.0	0.5	0.5
1455	508	0.0	0.0	0.0
1456	509	0.0	0.5	0.5
1457	51	0.0	0.0	0.0
1458	510	0.0	0.5	0.5
1459	511	0.5	0.0	0.5
1460	512	0.0	1.0	1.0
1461	513	0.0	1.0	1.0
1462	514	0.0	0.5	0.5
1463	515	0.5	0.5	0.5
1464	516	0.0	0.0	0.0
1465	517	0.0	1.0	1.0
1466	518	0.5	0.5	0.5
1467	519	1.0	1.0	0.0
1468	52	0.0	0.5	0.5
1469	520	0.5	1.0	1.0
1470	521	0.0	0.5	0.5
1471	522	0.0	0.0	0.0
1472	523	0.0	0.5	0.5
1473	524	0.0	0.0	0.0
1474	525	0.0	1.0	1.0
1475	526	0.0	0.0	0.0
1476	527	0.0	0.5	0.5
1477	528	0.5	0.0	0.5
1478	529	1.0	0.5	0.5
1479	53	0.0	1.0	1.0
1480	530	0.0	0.5	0.5
1481	531	0.0	0.0	0.0
1482	532	0.0	1.0	1.0
1483	533	0.0	0.0	0.0
1484	534	0.0	1.0	1.0
1485	535	1.0	1.0	0.0
1486	536	0.0	1.0	1.0
1487	537	0.0	0.0	0.0
1488	538	0.0	0.5	0.5
1489	539	0.5	0.5	1.0
1490	54	0.0	0.5	0.5
1491	540	0.0	0.0	0.0
1492	541	0.0	1.0	1.0
1493	542	1.0	1.0	0.0
1494	543	0.0	0.5	0.5
1495	544	0.0	0.5	0.5
1496	545	0.5	0.0	0.5
1497	546	0.0	0.0	0.0
1498	547	1.0	1.0	0.0
1499	548	0.0	0.0	0.0
1500	549	0.0	0.0	0.0
1501	55	0.0	0.5	0.5
1502	550	0.0	0.5	0.5
1503	551	0.0	1.0	1.0
1504	552	0.5	0.0	0.5
1505	553	0.5	0.5	1.0
1506	554	0.0	0.5	0.5
1507	555	0.0	0.5	0.5
1508	556	0.0	0.0	0.0
1509	557	0.0	0.0	0.0
1510	558	0.0	0.5	0.5
1511	559	0.5	0.5	0.5
1512	56	0.0	0.5	0.5
1513	560	0.5	0.0	0.5
1514	561	0.0	0.5	0.5
1515	562	0.0	0.5	0.5
1516	563	0.5	0.0	0.5
1517	564	0.0	0.5	0.5
1518	565	1.0	1.0	0.0
1519	566	0.0	0.5	0.5
1520	567	0.0	1.0	1.0
1521	568	0.0	0.5	0.5
1522	569	0.0	1.0	1.0
1523	57	0.0	0.5	0.5
1524	570	0.5	0.0	0.5
1525	571	0.5	0.5	0.5
1526	572	0.0	0.5	0.5
1527	573	0.5	1.0	1.0
1528	574	0.5	0.0	0.5
1529	575	0.0	1.0	1.0
1530	576	0.0	0.0	0.0
1531	577	0.0	0.0	0.0
1532	578	0.0	0.5	0.5
1533	579	0.0	0.0	0.0
1534	58	0.5	0.5	0.5
1535	580	0.0	0.5	0.5
1536	581	0.5	1.0	1.0
1537	582	0.5	0.5	0.0
1538	583	0.0	0.5	0.5
1539	584	0.0	0.5	0.5
1540	585	0.0	1.0	1.0
1541	586	0.0	1.0	1.0
1542	587	0.0	0.5	0.5
1543	588	0.0	0.0	0.0
1544	589	0.5	1.0	1.0
1545	59	0.5	0.5	0.5
1546	590	0.5	0.5	1.0
1547	591	0.0	0.0	0.0
1548	592	0.0	1.0	1.0
1549	593	0.0	0.0	0.0
1550	594	0.0	1.0	1.0
1551	595	0.5	1.0	0.5
1552	596	0.0	1.0	1.0
1553	597	0.5	0.0	0.5
1554	598	0.5	0.5	0.5
1555	599	0.0	0.5	0.5
1556	6	0.0	1.0	1.0
1557	60	0.0	0.5	0.5
1558	600	0.0	0.0	0.0
1559	601	0.0	1.0	1.0
1560	602	0.0	0.5	0.5
1561	603	0.0	0.5	0.5
1562	604	0.0	0.0	0.0
1563	605	0.0	0.5	0.5
1564	606	0.0	0.5	0.5
1565	607	0.0	0.0	0.0
1566	608	0.0	0.0	0.0
1567	609	0.0	0.0	0.0
1568	61	0.0	0.0	0.0
1569	610	1.0	1.0	0.5
1570	611	0.5	0.0	0.5
1571	612	0.0	1.0	1.0
1572	613	0.0	0.0	0.0
1573	614	0.0	1.0	1.0
1574	615	0.0	0.5	0.5
1575	616	0.5	0.0	0.5
1576	617	0.0	0.0	0.0
1577	618	0.0	0.0	0.0
1578	619	0.5	0.5	0.0
1579	62	0.0	0.0	0.0
1580	620	0.0	0.0	0.0
1581	621	0.5	0.0	0.5
1582	622	1.0	1.0	0.5
1583	623	0.0	0.0	0.0
1584	624	0.0	0.0	0.0
1585	625	0.5	1.0	0.5
1586	626	1.0	0.5	1.0
1587	627	0.0	0.0	0.0
1588	628	0.5	1.0	1.0
1589	629	0.0	1.0	1.0
1590	63	0.0	0.0	0.0
1591	630	0.5	0.5	1.0
1592	631	0.0	0.5	0.5
1593	632	1.0	1.0	1.0
1594	633	0.0	0.0	0.0
1595	634	0.0	0.5	0.5
1596	635	0.0	0.5	0.5
1597	636	0.0	0.0	0.0
1598	637	0.0	1.0	1.0
1599	638	0.0	1.0	1.0
1600	639	0.0	0.5	0.5
1601	64	0.0	0.0	0.0
1602	640	0.5	1.0	0.5
1603	641	0.5	1.0	1.0
1604	642	0.0	0.0	0.0
1605	643	0.0	0.5	0.5
1606	644	1.0	1.0	0.0
1607	645	0.0	0.5	0.5
1608	646	0.0	0.0	0.0
1609	647	0.0	0.5	0.5
1610	648	0.0	0.0	0.0
1611	649	1.0	1.0	1.0
1612	65	0.0	0.5	0.5
1613	650	0.0	0.0	0.0
1614	651	0.5	0.5	0.0
1615	652	0.0	1.0	1.0
1616	653	0.0	0.5	0.5
1617	654	0.0	0.0	0.0
1618	655	0.0	0.5	0.5
1619	656	0.0	0.0	0.0
1620	657	0.0	0.5	0.5
1621	658	0.5	1.0	1.0
1622	659	0.5	0.0	0.5
1623	66	0.0	1.0	1.0
1624	660	0.0	0.5	0.5
1625	661	0.0	0.5	0.5
1626	662	0.5	0.0	0.5
1627	663	0.5	1.0	1.0
1628	664	0.5	0.5	0.5
1629	665	0.5	0.5	0.0
1630	666	0.5	1.0	1.0
1631	667	0.0	0.0	0.0
1632	668	0.0	0.0	0.0
1633	669	0.0	0.5	0.5
1634	67	0.0	0.0	0.0
1635	670	0.0	0.5	0.5
1636	671	0.5	0.0	0.5
1637	672	1.0	0.5	1.0
1638	673	0.0	1.0	1.0
1639	674	0.5	0.5	1.0
1640	675	0.0	0.5	0.5
1641	676	1.0	0.5	0.5
1642	677	1.0	1.0	0.5
1643	678	0.0	1.0	1.0
1644	679	0.0	1.0	1.0
1645	68	0.5	0.0	0.5
1646	680	0.5	1.0	1.0
1647	681	0.0	0.0	0.0
1648	682	0.5	1.0	0.5
1649	683	0.0	0.0	0.0
1650	684	0.0	0.0	0.0
1651	685	0.0	0.5	0.5
1652	686	0.0	1.0	1.0
1653	687	0.5	1.0	0.5
1654	688	0.0	0.0	0.0
1655	689	1.0	1.0	1.0
1656	69	0.5	1.0	1.0
1657	690	0.0	0.0	0.0
1658	691	0.0	1.0	1.0
1659	692	0.0	0.5	0.5
1660	693	0.5	0.0	0.5
1661	694	1.0	1.0	0.0
1662	695	0.5	0.0	0.5
1663	696	0.5	0.5	0.5
1664	697	0.0	0.5	0.5
1665	698	1.0	0.0	1.0
1666	699	0.0	0.0	0.0
1667	7	0.5	0.0	0.5
1668	70	0.5	0.5	1.0
1669	700	0.0	1.0	1.0
1670	701	0.0	0.0	0.0
1671	702	0.5	1.0	0.5
1672	703	0.0	0.0	0.0
1673	704	0.0	1.0	1.0
1674	705	0.5	1.0	1.0
1675	706	0.5	1.0	1.0
1676	707	0.5	0.0	0.5
1677	708	0.0	0.0	0.0
1678	709	1.0	1.0	0.5
1679	71	0.0	0.0	0.0
1680	710	0.0	0.5	0.5
1681	711	0.0	0.0	0.0
1682	712	0.0	0.5	0.5
1683	713	0.5	0.5	0.5
1684	714	0.0	1.0	1.0
1685	715	0.0	0.5	0.5
1686	716	0.0	0.0	0.0
1687	717	0.0	0.0	0.0
1688	718	0.0	0.0	0.0
1689	719	0.5	1.0	0.5
1690	72	0.0	1.0	1.0
1691	720	0.0	1.0	1.0
1692	721	0.0	0.5	0.5
1693	722	0.5	1.0	0.5
1694	723	0.0	0.0	0.0
1695	724	0.0	0.5	0.5
1696	725	0.5	0.5	0.0
1697	726	0.0	0.0	0.0
1698	727	0.0	0.5	0.5
1699	728	0.5	1.0	0.5
1700	729	0.0	0.0	0.0
1701	73	0.0	0.5	0.5
1702	730	0.5	0.5	0.5
1703	731	0.0	0.0	0.0
1704	732	0.0	0.0	0.0
1705	733	0.0	0.5	0.5
1706	734	0.5	0.5	1.0
1707	735	0.0	1.0	1.0
1708	736	0.0	0.0	0.0
1709	737	0.0	0.5	0.5
1710	738	0.5	1.0	1.0
1711	739	0.0	0.5	0.5
1712	74	0.0	0.0	0.0
1713	740	0.0	0.5	0.5
1714	741	0.0	0.5	0.5
1715	742	0.0	0.5	0.5
1716	743	0.5	0.0	0.5
1717	744	0.0	0.0	0.0
1718	745	0.5	1.0	1.0
1719	746	0.0	1.0	1.0
1720	747	0.0	0.0	0.0
1721	748	0.0	0.5	0.5
1722	749	0.0	1.0	1.0
1723	75	0.5	1.0	0.5
1724	750	0.0	0.5	0.5
1725	751	0.5	1.0	0.5
1726	752	0.0	1.0	1.0
1727	753	0.0	0.5	0.5
1728	754	0.0	0.5	0.5
1729	755	0.0	1.0	1.0
1730	756	0.0	0.0	0.0
1731	757	0.0	0.0	0.0
1732	758	0.0	0.0	0.0
1733	759	1.0	0.5	0.5
1734	76	0.0	0.5	0.5
1735	760	0.5	1.0	1.0
1736	761	0.0	0.5	0.5
1737	762	1.0	1.0	0.0
1738	763	0.0	0.0	0.0
1739	764	0.0	0.0	0.0
1740	765	0.0	0.5	0.5
1741	766	0.5	1.0	0.5
1742	767	0.0	0.0	0.0
1743	768	0.0	0.0	0.0
1744	769	0.0	1.0	1.0
1745	77	0.0	0.5	0.5
1746	770	0.0	0.5	0.5
1747	771	0.5	0.0	0.5
1748	772	0.0	1.0	1.0
1749	773	0.5	0.5	0.0
1750	774	0.0	0.5	0.5
1751	775	0.0	0.5	0.5
1752	776	0.5	0.5	1.0
1753	777	0.0	0.0	0.0
1754	778	0.0	0.0	0.0
1755	779	0.0	0.5	0.5
1756	78	0.0	0.5	0.5
1757	780	0.0	1.0	1.0
1758	781	1.0	1.0	0.5
1759	782	0.5	0.0	0.5
1760	783	0.0	1.0	1.0
1761	784	0.0	1.0	1.0
1762	785	1.0	0.5	1.0
1763	786	0.0	1.0	1.0
1764	787	0.0	0.0	0.0
1765	788	0.0	0.5	0.5
1766	789	0.0	0.0	0.0
1767	79	0.5	0.5	0.0
1768	790	0.0	0.5	0.5
1769	791	1.0	0.5	1.0
1770	792	0.5	0.5	0.0
1771	793	0.0	1.0	1.0
1772	794	1.0	1.0	0.0
1773	795	0.0	0.0	0.0
1774	796	0.0	0.0	0.0
1775	797	0.5	0.5	0.0
1776	798	0.0	0.5	0.5
1777	799	0.0	0.5	0.5
1778	8	0.5	0.5	0.0
1779	80	0.0	0.0	0.0
1780	800	0.0	0.5	0.5
1781	801	1.0	1.0	0.5
1782	802	1.0	0.5	1.0
1783	803	0.0	1.0	1.0
1784	804	0.5	1.0	1.0
1785	805	0.0	0.0	0.0
1786	806	0.0	1.0	1.0
1787	807	0.0	0.0	0.0
1788	808	0.5	1.0	0.5
1789	809	0.5	0.5	1.0
1790	81	0.0	1.0	1.0
1791	810	0.0	0.5	0.5
1792	811	0.0	0.0	0.0
1793	812	1.0	1.0	1.0
1794	813	0.0	0.0	0.0
1795	814	1.0	1.0	0.5
1796	815	0.0	1.0	1.0
1797	816	0.5	0.5	0.5
1798	817	1.0	0.5	1.0
1799	818	0.0	0.0	0.0
1800	819	0.0	1.0	1.0
1801	82	0.0	0.5	0.5
1802	820	0.0	0.5	0.5
1803	821	0.0	0.5	0.5
1804	822	0.0	0.5	0.5
1805	823	0.0	0.0	0.0
1806	824	0.0	0.0	0.0
1807	825	0.0	0.5	0.5
1808	826	0.0	1.0	1.0
1809	827	0.0	0.0	0.0
1810	828	0.5	0.5	0.5
1811	829	0.5	0.0	0.5
1812	83	1.0	1.0	0.0
1813	830	0.0	1.0	1.0
1814	831	0.0	0.0	0.0
1815	832	0.5	1.0	1.0
1816	833	0.5	1.0	1.0
1817	834	0.0	0.5	0.5
1818	835	0.0	0.5	0.5
1819	836	0.0	0.0	0.0
1820	837	0.0	0.0	0.0
1821	838	0.5	0.5	0.5
1822	839	0.0	0.5	0.5
1823	84	0.0	0.0	0.0
1824	840	0.0	1.0	1.0
1825	841	0.5	1.0	1.0
1826	842	0.0	0.0	0.0
1827	843	0.0	0.0	0.0
1828	844	0.5	0.0	0.5
1829	845	0.0	0.0	0.0
1830	846	0.0	0.0	0.0
1831	847	0.0	0.5	0.5
1832	848	0.0	0.5	0.5
1833	849	0.0	0.5	0.5
1834	85	0.0	0.5	0.5
1835	850	0.0	0.5	0.5
1836	851	0.0	0.0	0.0
1837	852	0.0	0.0	0.0
1838	853	0.0	0.5	0.5
1839	854	0.0	1.0	1.0
1840	855	0.0	1.0	1.0
1841	856	0.0	0.5	0.5
1842	857	0.5	0.0	0.5
1843	858	0.0	0.5	0.5
1844	859	0.5	1.0	0.5
1845	86	1.0	1.0	0.5
1846	860	0.5	1.0	1.0
1847	861	0.0	1.0	1.0
1848	862	0.0	0.5	0.5
1849	863	0.5	1.0	0.5
1850	864	0.5	0.5	0.5
1851	865	0.0	0.5	0.5
1852	866	0.0	1.0	1.0
1853	867	0.0	1.0	1.0
1854	868	1.0	1.0	1.0
1855	869	0.0	0.0	0.0
1856	87	0.0	0.5	0.5
1857	870	0.0	0.0	0.0
1858	871	1.0	0.0	1.0
1859	872	0.0	1.0	1.0
1860	873	0.5	0.5	1.0
1861	874	0.5	1.0	1.0
1862	875	0.0	0.5	0.5
1863	876	0.0	0.5	0.5
1864	877	0.0	0.5	0.5
1865	878	0.0	1.0	1.0
1866	879	0.0	1.0	1.0
1867	88	0.5	0.5	0.0
1868	880	0.0	1.0	1.0
1869	881	0.5	1.0	1.0
1870	882	0.5	1.0	0.5
1871	883	0.0	0.5	0.5
1872	884	0.0	0.5	0.5
1873	885	1.0	1.0	0.5
1874	886	0.0	0.0	0.0
1875	887	0.5	1.0	0.5
1876	888	0.0	1.0	1.0
1877	889	0.0	1.0	1.0
1878	89	0.0	1.0	1.0
1879	890	0.0	1.0	1.0
1880	891	0.0	1.0	1.0
1881	892	0.0	1.0	1.0
1882	893	0.5	0.0	0.5
1883	894	0.5	1.0	1.0
1884	895	0.0	0.0	0.0
1885	896	0.0	0.0	0.0
1886	897	0.5	0.0	0.5
1887	898	0.0	0.5	0.5
1888	899	0.0	1.0	1.0
1889	9	0.0	0.0	0.0
1890	90	1.0	1.0	1.0
1891	900	0.0	0.0	0.0
1892	901	0.0	0.0	0.0
1893	902	0.5	1.0	1.0
1894	903	0.0	0.0	0.0
1895	904	0.0	1.0	1.0
1896	905	0.0	0.0	0.0
1897	906	0.0	1.0	1.0
1898	907	0.5	1.0	0.5
1899	908	0.0	0.5	0.5
1900	909	0.5	0.5	0.5
1901	91	0.0	0.0	0.0
1902	910	0.0	0.5	0.5
1903	911	1.0	1.0	0.5
1904	912	0.5	0.5	0.0
1905	913	0.0	0.5	0.5
1906	914	0.0	0.5	0.5
1907	915	0.0	0.5	0.5
1908	916	0.0	0.5	0.5
1909	917	0.0	0.0	0.0
1910	918	0.0	0.5	0.5
1911	919	0.0	0.0	0.0
1912	92	0.5	0.5	1.0
1913	920	0.0	0.5	0.5
1914	921	0.5	0.5	0.0
1915	922	0.0	0.5	0.5
1916	923	0.0	1.0	1.0
1917	924	0.0	0.5	0.5
1918	925	0.5	1.0	1.0
1919	926	0.0	0.5	0.5
1920	927	0.0	1.0	1.0
1921	928	0.0	0.5	0.5
1922	929	0.0	1.0	1.0
1923	93	0.0	0.5	0.5
1924	930	0.0	0.5	0.5
1925	931	0.0	0.0	0.0
1926	932	0.0	0.0	0.0
1927	933	0.0	0.5	0.5
1928	934	0.5	0.0	0.5
1929	935	0.5	0.0	0.5
1930	936	0.5	0.5	1.0
1931	937	0.0	1.0	1.0
1932	938	0.0	1.0	1.0
1933	939	0.0	0.0	0.0
1934	94	1.0	0.5	1.0
1935	940	0.5	1.0	0.5
1936	941	0.0	0.0	0.0
1937	942	0.0	1.0	1.0
1938	943	0.0	0.0	0.0
1939	944	0.0	1.0	1.0
1940	945	1.0	1.0	0.5
1941	946	0.0	0.5	0.5
1942	947	0.5	0.5	0.0
1943	948	0.0	1.0	1.0
1944	949	0.0	1.0	1.0
1945	95	0.0	1.0	1.0
1946	950	0.5	0.5	0.0
1947	951	0.0	0.5	0.5
1948	952	0.0	1.0	1.0
1949	953	0.0	0.5	0.5
1950	954	0.5	1.0	1.0
1951	955	0.0	1.0	1.0
1952	956	0.0	0.5	0.5
1953	957	0.0	0.0	0.0
1954	958	0.5	1.0	1.0
1955	959	0.0	0.5	0.5
1956	96	0.0	1.0	1.0
1957	960	1.0	1.0	0.5
1958	961	0.5	1.0	0.5
1959	962	0.0	0.5	0.5
1960	963	0.0	1.0	1.0
1961	964	0.0	0.0	0.0
1962	965	0.0	0.5	0.5
1963	966	0.0	0.0	0.0
1964	967	0.0	0.0	0.0
1965	968	0.0	0.5	0.5
1966	969	0.0	0.5	0.5
1967	97	0.5	0.0	0.5
1968	970	1.0	1.0	0.0
1969	971	0.0	0.0	0.0
1970	972	0.0	0.5	0.5
1971	973	0.0	1.0	1.0
1972	974	0.0	1.0	1.0
1973	975	0.0	0.5	0.5
1974	976	0.0	0.5	0.5
1975	977	0.0	0.5	0.5
1976	978	0.0	0.5	0.5
1977	979	0.5	0.5	0.0
1978	98	0.0	1.0	1.0
1979	980	0.0	0.5	0.5
1980	981	0.0	0.5	0.5
1981	982	0.5	0.0	0.5
1982	983	0.0	0.0	0.0
1983	984	1.0	1.0	0.5
1984	985	0.0	0.0	0.0
1985	986	0.0	0.0	0.0
1986	987	0.0	0.0	0.0
1987	988	0.0	1.0	1.0
1988	989	0.0	0.5	0.5
1989	99	1.0	0.5	0.5
1990	990	0.5	1.0	0.5
1991	991	0.0	1.0	1.0
1992	992	0.5	0.0	0.5
1993	993	0.0	0.0	0.0
1994	994	0.0	0.0	0.0
1995	995	0.0	0.0	0.0
1996	996	0.0	0.5	0.5
1997	997	0.0	0.0	0.0
1998	998	0.5	1.0	1.0
1999	999	0.5	0.0	0.5
